grDbOGUnPa,1,2
grDbOGUnPa,2,2
grDbOGUnPa,3,0
grDbOGUnPa,4,1
grDbOGUnPa,5,3
grDbOGUnPa,6,2
grDbOGUnPa,7,1
grDbOGUnPa,8,10
grDbOGUnPa,9,4
grDbOGUnPa,10,9
grDbOGUnPa,11,10
grDbOGUnPa,12,2
grDbOGUnPa,13,1
grDbOGUnPa,14,6
grDbOGUnPa,15,5
grDbOGUnPa,16,7
grDbOGUnPa,17,6
grDbOGUnPa,18,6
grDbOGUnPa,19,8
grDbOGUnPa,20,1
grDbOGUnPa,21,0
grDbOGUnPa,22,6
grDbOGUnPa,23,10
grDbOGUnPa,24,9
grDbOGUnPa,25,5
grDbOGUnPa,26,1
grDbOGUnPa,27,2
grDbOGUnPa,28,10
grDbOGUnPa,29,7
grDbOGUnPa,30,0
grDbOGUnPa,31,10
grDbOGUnPa,32,5
grDbOGUnPa,33,10
grDbOGUnPa,34,1
grDbOGUnPa,35,6
grDbOGUnPa,36,1
grDbOGUnPa,37,3
grDbOGUnPa,38,10
grDbOGUnPa,39,10
grDbOGUnPa,40,10
grDbOGUnPa,41,4
grDbOGUnPa,42,5
grDbOGUnPa,43,2
grDbOGUnPa,44,10
grDbOGUnPa,45,8
grDbOGUnPa,46,10
grDbOGUnPa,47,2
grDbOGUnPa,48,10
grDbOGUnPa,49,1
grDbOGUnPa,50,0
grDbOGUnPa,51,2
grDbOGUnPa,52,4
grDbOGUnPa,53,1
grDbOGUnPa,54,10
grDbOGUnPa,55,3
grDbOGUnPa,56,2
grDbOGUnPa,57,3
grDbOGUnPa,58,1
grDbOGUnPa,59,4
grDbOGUnPa,60,10
grDbOGUnPa,61,3
grDbOGUnPa,62,10
grDbOGUnPa,63,10
grDbOGUnPa,64,6
grDbOGUnPa,65,7
grDbOGUnPa,66,0
grDbOGUnPa,67,3
grDbOGUnPa,68,3
grDbOGUnPa,69,0
grDbOGUnPa,70,10
grDbOGUnPa,71,5
grDbOGUnPa,72,1
grDbOGUnPa,73,2
grDbOGUnPa,74,3
grDbOGUnPa,75,5
grDbOGUnPa,76,10
grDbOGUnPa,77,4
grDbOGUnPa,78,9
grDbOGUnPa,79,8
grDbOGUnPa,80,10
grDbOGUnPa,81,2
grDbOGUnPa,82,4
grDbOGUnPa,83,10
grDbOGUnPa,84,1
grDbOGUnPa,85,5
grDbOGUnPa,86,7
grDbOGUnPa,87,0
grDbOGUnPa,88,9
grDbOGUnPa,89,1
grDbOGUnPa,90,1
grDbOGUnPa,91,8
grDbOGUnPa,92,10
grDbOGUnPa,93,7
grDbOGUnPa,94,2
grDbOGUnPa,95,4
grDbOGUnPa,96,0
grDbOGUnPa,97,4
grDbOGUnPa,98,3
grDbOGUnPa,99,3
grDbOGUnPa,100,10
grDkGvqjQL,1,10
grDkGvqjQL,2,1
grDkGvqjQL,3,9
grDkGvqjQL,4,5
grDkGvqjQL,5,3
grDkGvqjQL,6,9
grDkGvqjQL,7,10
grDkGvqjQL,8,8
grDkGvqjQL,9,1
grDkGvqjQL,10,7
grDkGvqjQL,11,10
grDkGvqjQL,12,3
grDkGvqjQL,13,10
grDkGvqjQL,14,0
grDkGvqjQL,15,10
grDkGvqjQL,16,0
grDkGvqjQL,17,1
grDkGvqjQL,18,0
grDkGvqjQL,19,1
grDkGvqjQL,20,3
grDkGvqjQL,21,5
grDkGvqjQL,22,6
grDkGvqjQL,23,4
grDkGvqjQL,24,0
grDkGvqjQL,25,4
grDkGvqjQL,26,10
grDkGvqjQL,27,8
grDkGvqjQL,28,5
grDkGvqjQL,29,10
grDkGvqjQL,30,6
grDkGvqjQL,31,1
grDkGvqjQL,32,10
grDkGvqjQL,33,1
grDkGvqjQL,34,2
grDkGvqjQL,35,0
grDkGvqjQL,36,10
grDkGvqjQL,37,9
grDkGvqjQL,38,2
grDkGvqjQL,39,3
grDkGvqjQL,40,6
grDkGvqjQL,41,10
grDkGvqjQL,42,5
grDkGvqjQL,43,5
grDkGvqjQL,44,2
grDkGvqjQL,45,1
grDkGvqjQL,46,2
grDkGvqjQL,47,4
grDkGvqjQL,48,6
grDkGvqjQL,49,0
grDkGvqjQL,50,10
grDkGvqjQL,51,10
grDkGvqjQL,52,7
grDkGvqjQL,53,2
grDkGvqjQL,54,1
grDkGvqjQL,55,0
grDkGvqjQL,56,3
grDkGvqjQL,57,6
grDkGvqjQL,58,10
grDkGvqjQL,59,2
grDkGvqjQL,60,8
grDkGvqjQL,61,3
grDkGvqjQL,62,4
grDkGvqjQL,63,10
grDkGvqjQL,64,1
grDkGvqjQL,65,2
grDkGvqjQL,66,1
grDkGvqjQL,67,4
grDkGvqjQL,68,10
grDkGvqjQL,69,4
grDkGvqjQL,70,7
grDkGvqjQL,71,3
grDkGvqjQL,72,7
grDkGvqjQL,73,6
grDkGvqjQL,74,8
grDkGvqjQL,75,10
grDkGvqjQL,76,3
grDkGvqjQL,77,10
grDkGvqjQL,78,10
grDkGvqjQL,79,2
grDkGvqjQL,80,2
grDkGvqjQL,81,4
grDkGvqjQL,82,1
grDkGvqjQL,83,9
grDkGvqjQL,84,2
grDkGvqjQL,85,10
grDkGvqjQL,86,10
grDkGvqjQL,87,4
grDkGvqjQL,88,2
grDkGvqjQL,89,2
grDkGvqjQL,90,3
grDkGvqjQL,91,0
grDkGvqjQL,92,10
grDkGvqjQL,93,7
grDkGvqjQL,94,5
grDkGvqjQL,95,3
grDkGvqjQL,96,1
grDkGvqjQL,97,1
grDkGvqjQL,98,1
grDkGvqjQL,99,5
grDkGvqjQL,100,10
grESeXOTwN,1,10
grESeXOTwN,2,10
grESeXOTwN,3,2
grESeXOTwN,4,0
grESeXOTwN,5,1
grESeXOTwN,6,4
grESeXOTwN,7,4
grESeXOTwN,8,4
grESeXOTwN,9,3
grESeXOTwN,10,1
grESeXOTwN,11,6
grESeXOTwN,12,0
grESeXOTwN,13,2
grESeXOTwN,14,10
grESeXOTwN,15,2
grESeXOTwN,16,9
grESeXOTwN,17,2
grESeXOTwN,18,1
grESeXOTwN,19,10
grESeXOTwN,20,1
grESeXOTwN,21,4
grESeXOTwN,22,3
grESeXOTwN,23,10
grESeXOTwN,24,2
grESeXOTwN,25,2
grESeXOTwN,26,3
grESeXOTwN,27,10
grESeXOTwN,28,7
grESeXOTwN,29,0
grESeXOTwN,30,4
grESeXOTwN,31,9
grESeXOTwN,32,1
grESeXOTwN,33,0
grESeXOTwN,34,2
grESeXOTwN,35,10
grESeXOTwN,36,10
grESeXOTwN,37,3
grESeXOTwN,38,1
grESeXOTwN,39,5
grESeXOTwN,40,7
grESeXOTwN,41,1
grESeXOTwN,42,0
grESeXOTwN,43,3
grESeXOTwN,44,10
grESeXOTwN,45,8
grESeXOTwN,46,0
grESeXOTwN,47,3
grESeXOTwN,48,3
grESeXOTwN,49,3
grESeXOTwN,50,9
grESeXOTwN,51,2
grESeXOTwN,52,10
grESeXOTwN,53,4
grESeXOTwN,54,10
grESeXOTwN,55,10
grESeXOTwN,56,1
grESeXOTwN,57,2
grESeXOTwN,58,1
grESeXOTwN,59,10
grESeXOTwN,60,2
grESeXOTwN,61,5
grESeXOTwN,62,0
grESeXOTwN,63,1
grESeXOTwN,64,8
grESeXOTwN,65,10
grESeXOTwN,66,0
grESeXOTwN,67,1
grESeXOTwN,68,3
grESeXOTwN,69,2
grESeXOTwN,70,6
grESeXOTwN,71,9
grESeXOTwN,72,3
grESeXOTwN,73,5
grESeXOTwN,74,10
grESeXOTwN,75,7
grESeXOTwN,76,2
grESeXOTwN,77,6
grESeXOTwN,78,10
grESeXOTwN,79,10
grESeXOTwN,80,4
grESeXOTwN,81,4
grESeXOTwN,82,7
grESeXOTwN,83,6
grESeXOTwN,84,5
grESeXOTwN,85,5
grESeXOTwN,86,1
grESeXOTwN,87,10
grESeXOTwN,88,7
grESeXOTwN,89,6
grESeXOTwN,90,5
grESeXOTwN,91,10
grESeXOTwN,92,10
grESeXOTwN,93,5
grESeXOTwN,94,6
grESeXOTwN,95,10
grESeXOTwN,96,8
grESeXOTwN,97,10
grESeXOTwN,98,1
grESeXOTwN,99,1
grESeXOTwN,100,8
grHGcJaIgZ,1,0
grHGcJaIgZ,2,4
grHGcJaIgZ,3,1
grHGcJaIgZ,4,2
grHGcJaIgZ,5,6
grHGcJaIgZ,6,10
grHGcJaIgZ,7,3
grHGcJaIgZ,8,2
grHGcJaIgZ,9,4
grHGcJaIgZ,10,10
grHGcJaIgZ,11,9
grHGcJaIgZ,12,10
grHGcJaIgZ,13,6
grHGcJaIgZ,14,10
grHGcJaIgZ,15,4
grHGcJaIgZ,16,1
grHGcJaIgZ,17,10
grHGcJaIgZ,18,1
grHGcJaIgZ,19,6
grHGcJaIgZ,20,2
grHGcJaIgZ,21,1
grHGcJaIgZ,22,10
grHGcJaIgZ,23,3
grHGcJaIgZ,24,1
grHGcJaIgZ,25,9
grHGcJaIgZ,26,6
grHGcJaIgZ,27,8
grHGcJaIgZ,28,0
grHGcJaIgZ,29,3
grHGcJaIgZ,30,5
grHGcJaIgZ,31,1
grHGcJaIgZ,32,2
grHGcJaIgZ,33,1
grHGcJaIgZ,34,1
grHGcJaIgZ,35,2
grHGcJaIgZ,36,0
grHGcJaIgZ,37,4
grHGcJaIgZ,38,8
grHGcJaIgZ,39,5
grHGcJaIgZ,40,1
grHGcJaIgZ,41,1
grHGcJaIgZ,42,5
grHGcJaIgZ,43,10
grHGcJaIgZ,44,3
grHGcJaIgZ,45,7
grHGcJaIgZ,46,0
grHGcJaIgZ,47,7
grHGcJaIgZ,48,9
grHGcJaIgZ,49,10
grHGcJaIgZ,50,7
grHGcJaIgZ,51,2
grHGcJaIgZ,52,10
grHGcJaIgZ,53,6
grHGcJaIgZ,54,4
grHGcJaIgZ,55,4
grHGcJaIgZ,56,10
grHGcJaIgZ,57,5
grHGcJaIgZ,58,3
grHGcJaIgZ,59,1
grHGcJaIgZ,60,5
grHGcJaIgZ,61,3
grHGcJaIgZ,62,10
grHGcJaIgZ,63,8
grHGcJaIgZ,64,10
grHGcJaIgZ,65,10
grHGcJaIgZ,66,2
grHGcJaIgZ,67,4
grHGcJaIgZ,68,10
grHGcJaIgZ,69,2
grHGcJaIgZ,70,2
grHGcJaIgZ,71,3
grHGcJaIgZ,72,5
grHGcJaIgZ,73,2
grHGcJaIgZ,74,1
grHGcJaIgZ,75,7
grHGcJaIgZ,76,10
grHGcJaIgZ,77,1
grHGcJaIgZ,78,5
grHGcJaIgZ,79,0
grHGcJaIgZ,80,10
grHGcJaIgZ,81,3
grHGcJaIgZ,82,7
grHGcJaIgZ,83,10
grHGcJaIgZ,84,1
grHGcJaIgZ,85,3
grHGcJaIgZ,86,2
grHGcJaIgZ,87,3
grHGcJaIgZ,88,8
grHGcJaIgZ,89,6
grHGcJaIgZ,90,0
grHGcJaIgZ,91,10
grHGcJaIgZ,92,10
grHGcJaIgZ,93,10
grHGcJaIgZ,94,0
grHGcJaIgZ,95,2
grHGcJaIgZ,96,10
grHGcJaIgZ,97,9
grHGcJaIgZ,98,4
grHGcJaIgZ,99,10
grHGcJaIgZ,100,0
grJkMVXade,1,10
grJkMVXade,2,4
grJkMVXade,3,9
grJkMVXade,4,10
grJkMVXade,5,9
grJkMVXade,6,10
grJkMVXade,7,0
grJkMVXade,8,5
grJkMVXade,9,1
grJkMVXade,10,5
grJkMVXade,11,4
grJkMVXade,12,10
grJkMVXade,13,6
grJkMVXade,14,10
grJkMVXade,15,10
grJkMVXade,16,10
grJkMVXade,17,0
grJkMVXade,18,10
grJkMVXade,19,9
grJkMVXade,20,6
grJkMVXade,21,10
grJkMVXade,22,8
grJkMVXade,23,1
grJkMVXade,24,1
grJkMVXade,25,2
grJkMVXade,26,1
grJkMVXade,27,1
grJkMVXade,28,10
grJkMVXade,29,8
grJkMVXade,30,4
grJkMVXade,31,4
grJkMVXade,32,10
grJkMVXade,33,2
grJkMVXade,34,1
grJkMVXade,35,5
grJkMVXade,36,1
grJkMVXade,37,2
grJkMVXade,38,6
grJkMVXade,39,7
grJkMVXade,40,0
grJkMVXade,41,2
grJkMVXade,42,1
grJkMVXade,43,1
grJkMVXade,44,0
grJkMVXade,45,10
grJkMVXade,46,9
grJkMVXade,47,2
grJkMVXade,48,7
grJkMVXade,49,7
grJkMVXade,50,10
grJkMVXade,51,3
grJkMVXade,52,8
grJkMVXade,53,2
grJkMVXade,54,2
grJkMVXade,55,4
grJkMVXade,56,3
grJkMVXade,57,10
grJkMVXade,58,6
grJkMVXade,59,3
grJkMVXade,60,3
grJkMVXade,61,7
grJkMVXade,62,0
grJkMVXade,63,6
grJkMVXade,64,3
grJkMVXade,65,2
grJkMVXade,66,2
grJkMVXade,67,0
grJkMVXade,68,2
grJkMVXade,69,10
grJkMVXade,70,2
grJkMVXade,71,1
grJkMVXade,72,4
grJkMVXade,73,1
grJkMVXade,74,10
grJkMVXade,75,10
grJkMVXade,76,2
grJkMVXade,77,3
grJkMVXade,78,10
grJkMVXade,79,7
grJkMVXade,80,10
grJkMVXade,81,4
grJkMVXade,82,1
grJkMVXade,83,4
grJkMVXade,84,5
grJkMVXade,85,3
grJkMVXade,86,10
grJkMVXade,87,10
grJkMVXade,88,1
grJkMVXade,89,5
grJkMVXade,90,3
grJkMVXade,91,6
grJkMVXade,92,5
grJkMVXade,93,0
grJkMVXade,94,3
grJkMVXade,95,3
grJkMVXade,96,1
grJkMVXade,97,8
grJkMVXade,98,0
grJkMVXade,99,10
grJkMVXade,100,5
grLLgJrSdL,1,7
grLLgJrSdL,2,1
grLLgJrSdL,3,10
grLLgJrSdL,4,0
grLLgJrSdL,5,6
grLLgJrSdL,6,10
grLLgJrSdL,7,7
grLLgJrSdL,8,4
grLLgJrSdL,9,10
grLLgJrSdL,10,4
grLLgJrSdL,11,9
grLLgJrSdL,12,2
grLLgJrSdL,13,8
grLLgJrSdL,14,2
grLLgJrSdL,15,10
grLLgJrSdL,16,10
grLLgJrSdL,17,1
grLLgJrSdL,18,4
grLLgJrSdL,19,10
grLLgJrSdL,20,1
grLLgJrSdL,21,7
grLLgJrSdL,22,1
grLLgJrSdL,23,10
grLLgJrSdL,24,1
grLLgJrSdL,25,10
grLLgJrSdL,26,1
grLLgJrSdL,27,5
grLLgJrSdL,28,7
grLLgJrSdL,29,7
grLLgJrSdL,30,8
grLLgJrSdL,31,3
grLLgJrSdL,32,2
grLLgJrSdL,33,2
grLLgJrSdL,34,9
grLLgJrSdL,35,6
grLLgJrSdL,36,10
grLLgJrSdL,37,10
grLLgJrSdL,38,2
grLLgJrSdL,39,2
grLLgJrSdL,40,1
grLLgJrSdL,41,2
grLLgJrSdL,42,5
grLLgJrSdL,43,6
grLLgJrSdL,44,1
grLLgJrSdL,45,0
grLLgJrSdL,46,10
grLLgJrSdL,47,3
grLLgJrSdL,48,4
grLLgJrSdL,49,2
grLLgJrSdL,50,3
grLLgJrSdL,51,0
grLLgJrSdL,52,1
grLLgJrSdL,53,10
grLLgJrSdL,54,2
grLLgJrSdL,55,5
grLLgJrSdL,56,2
grLLgJrSdL,57,2
grLLgJrSdL,58,0
grLLgJrSdL,59,10
grLLgJrSdL,60,0
grLLgJrSdL,61,10
grLLgJrSdL,62,0
grLLgJrSdL,63,4
grLLgJrSdL,64,10
grLLgJrSdL,65,3
grLLgJrSdL,66,6
grLLgJrSdL,67,3
grLLgJrSdL,68,4
grLLgJrSdL,69,9
grLLgJrSdL,70,5
grLLgJrSdL,71,6
grLLgJrSdL,72,10
grLLgJrSdL,73,2
grLLgJrSdL,74,6
grLLgJrSdL,75,1
grLLgJrSdL,76,0
grLLgJrSdL,77,3
grLLgJrSdL,78,4
grLLgJrSdL,79,8
grLLgJrSdL,80,3
grLLgJrSdL,81,10
grLLgJrSdL,82,10
grLLgJrSdL,83,9
grLLgJrSdL,84,10
grLLgJrSdL,85,1
grLLgJrSdL,86,1
grLLgJrSdL,87,3
grLLgJrSdL,88,8
grLLgJrSdL,89,5
grLLgJrSdL,90,0
grLLgJrSdL,91,1
grLLgJrSdL,92,3
grLLgJrSdL,93,5
grLLgJrSdL,94,10
grLLgJrSdL,95,4
grLLgJrSdL,96,10
grLLgJrSdL,97,1
grLLgJrSdL,98,3
grLLgJrSdL,99,10
grLLgJrSdL,100,5
grQARrMfVR,1,0
grQARrMfVR,2,2
grQARrMfVR,3,10
grQARrMfVR,4,1
grQARrMfVR,5,9
grQARrMfVR,6,9
grQARrMfVR,7,0
grQARrMfVR,8,10
grQARrMfVR,9,3
grQARrMfVR,10,6
grQARrMfVR,11,7
grQARrMfVR,12,3
grQARrMfVR,13,10
grQARrMfVR,14,10
grQARrMfVR,15,8
grQARrMfVR,16,5
grQARrMfVR,17,10
grQARrMfVR,18,0
grQARrMfVR,19,10
grQARrMfVR,20,5
grQARrMfVR,21,9
grQARrMfVR,22,2
grQARrMfVR,23,10
grQARrMfVR,24,2
grQARrMfVR,25,2
grQARrMfVR,26,3
grQARrMfVR,27,6
grQARrMfVR,28,10
grQARrMfVR,29,5
grQARrMfVR,30,10
grQARrMfVR,31,2
grQARrMfVR,32,6
grQARrMfVR,33,1
grQARrMfVR,34,10
grQARrMfVR,35,5
grQARrMfVR,36,1
grQARrMfVR,37,2
grQARrMfVR,38,4
grQARrMfVR,39,0
grQARrMfVR,40,4
grQARrMfVR,41,10
grQARrMfVR,42,1
grQARrMfVR,43,0
grQARrMfVR,44,1
grQARrMfVR,45,10
grQARrMfVR,46,3
grQARrMfVR,47,1
grQARrMfVR,48,1
grQARrMfVR,49,10
grQARrMfVR,50,1
grQARrMfVR,51,1
grQARrMfVR,52,7
grQARrMfVR,53,5
grQARrMfVR,54,2
grQARrMfVR,55,1
grQARrMfVR,56,10
grQARrMfVR,57,0
grQARrMfVR,58,3
grQARrMfVR,59,8
grQARrMfVR,60,10
grQARrMfVR,61,1
grQARrMfVR,62,4
grQARrMfVR,63,10
grQARrMfVR,64,4
grQARrMfVR,65,5
grQARrMfVR,66,4
grQARrMfVR,67,4
grQARrMfVR,68,2
grQARrMfVR,69,7
grQARrMfVR,70,10
grQARrMfVR,71,10
grQARrMfVR,72,10
grQARrMfVR,73,0
grQARrMfVR,74,3
grQARrMfVR,75,3
grQARrMfVR,76,9
grQARrMfVR,77,2
grQARrMfVR,78,3
grQARrMfVR,79,1
grQARrMfVR,80,10
grQARrMfVR,81,4
grQARrMfVR,82,2
grQARrMfVR,83,1
grQARrMfVR,84,1
grQARrMfVR,85,2
grQARrMfVR,86,10
grQARrMfVR,87,5
grQARrMfVR,88,0
grQARrMfVR,89,7
grQARrMfVR,90,8
grQARrMfVR,91,8
grQARrMfVR,92,3
grQARrMfVR,93,6
grQARrMfVR,94,10
grQARrMfVR,95,3
grQARrMfVR,96,6
grQARrMfVR,97,2
grQARrMfVR,98,7
grQARrMfVR,99,6
grQARrMfVR,100,4
grRCcjfEOj,1,10
grRCcjfEOj,2,10
grRCcjfEOj,3,9
grRCcjfEOj,4,10
grRCcjfEOj,5,3
grRCcjfEOj,6,10
grRCcjfEOj,7,3
grRCcjfEOj,8,10
grRCcjfEOj,9,5
grRCcjfEOj,10,10
grRCcjfEOj,11,10
grRCcjfEOj,12,2
grRCcjfEOj,13,5
grRCcjfEOj,14,1
grRCcjfEOj,15,1
grRCcjfEOj,16,2
grRCcjfEOj,17,7
grRCcjfEOj,18,10
grRCcjfEOj,19,1
grRCcjfEOj,20,2
grRCcjfEOj,21,2
grRCcjfEOj,22,2
grRCcjfEOj,23,2
grRCcjfEOj,24,1
grRCcjfEOj,25,4
grRCcjfEOj,26,7
grRCcjfEOj,27,1
grRCcjfEOj,28,7
grRCcjfEOj,29,6
grRCcjfEOj,30,2
grRCcjfEOj,31,9
grRCcjfEOj,32,7
grRCcjfEOj,33,5
grRCcjfEOj,34,1
grRCcjfEOj,35,1
grRCcjfEOj,36,4
grRCcjfEOj,37,10
grRCcjfEOj,38,3
grRCcjfEOj,39,3
grRCcjfEOj,40,8
grRCcjfEOj,41,3
grRCcjfEOj,42,10
grRCcjfEOj,43,3
grRCcjfEOj,44,10
grRCcjfEOj,45,10
grRCcjfEOj,46,10
grRCcjfEOj,47,8
grRCcjfEOj,48,10
grRCcjfEOj,49,0
grRCcjfEOj,50,5
grRCcjfEOj,51,10
grRCcjfEOj,52,7
grRCcjfEOj,53,3
grRCcjfEOj,54,0
grRCcjfEOj,55,3
grRCcjfEOj,56,3
grRCcjfEOj,57,2
grRCcjfEOj,58,10
grRCcjfEOj,59,5
grRCcjfEOj,60,6
grRCcjfEOj,61,2
grRCcjfEOj,62,1
grRCcjfEOj,63,4
grRCcjfEOj,64,1
grRCcjfEOj,65,10
grRCcjfEOj,66,0
grRCcjfEOj,67,6
grRCcjfEOj,68,4
grRCcjfEOj,69,10
grRCcjfEOj,70,10
grRCcjfEOj,71,9
grRCcjfEOj,72,4
grRCcjfEOj,73,10
grRCcjfEOj,74,6
grRCcjfEOj,75,2
grRCcjfEOj,76,0
grRCcjfEOj,77,4
grRCcjfEOj,78,3
grRCcjfEOj,79,2
grRCcjfEOj,80,2
grRCcjfEOj,81,1
grRCcjfEOj,82,0
grRCcjfEOj,83,5
grRCcjfEOj,84,0
grRCcjfEOj,85,6
grRCcjfEOj,86,8
grRCcjfEOj,87,0
grRCcjfEOj,88,1
grRCcjfEOj,89,1
grRCcjfEOj,90,4
grRCcjfEOj,91,1
grRCcjfEOj,92,10
grRCcjfEOj,93,0
grRCcjfEOj,94,6
grRCcjfEOj,95,4
grRCcjfEOj,96,5
grRCcjfEOj,97,8
grRCcjfEOj,98,9
grRCcjfEOj,99,10
grRCcjfEOj,100,1
grUzGtqLpJ,1,10
grUzGtqLpJ,2,4
grUzGtqLpJ,3,3
grUzGtqLpJ,4,10
grUzGtqLpJ,5,10
grUzGtqLpJ,6,1
grUzGtqLpJ,7,10
grUzGtqLpJ,8,5
grUzGtqLpJ,9,2
grUzGtqLpJ,10,1
grUzGtqLpJ,11,4
grUzGtqLpJ,12,5
grUzGtqLpJ,13,2
grUzGtqLpJ,14,10
grUzGtqLpJ,15,10
grUzGtqLpJ,16,8
grUzGtqLpJ,17,9
grUzGtqLpJ,18,7
grUzGtqLpJ,19,4
grUzGtqLpJ,20,9
grUzGtqLpJ,21,10
grUzGtqLpJ,22,10
grUzGtqLpJ,23,4
grUzGtqLpJ,24,3
grUzGtqLpJ,25,1
grUzGtqLpJ,26,6
grUzGtqLpJ,27,2
grUzGtqLpJ,28,4
grUzGtqLpJ,29,0
grUzGtqLpJ,30,0
grUzGtqLpJ,31,10
grUzGtqLpJ,32,5
grUzGtqLpJ,33,1
grUzGtqLpJ,34,5
grUzGtqLpJ,35,2
grUzGtqLpJ,36,1
grUzGtqLpJ,37,3
grUzGtqLpJ,38,10
grUzGtqLpJ,39,4
grUzGtqLpJ,40,2
grUzGtqLpJ,41,6
grUzGtqLpJ,42,3
grUzGtqLpJ,43,4
grUzGtqLpJ,44,2
grUzGtqLpJ,45,3
grUzGtqLpJ,46,1
grUzGtqLpJ,47,2
grUzGtqLpJ,48,8
grUzGtqLpJ,49,5
grUzGtqLpJ,50,10
grUzGtqLpJ,51,1
grUzGtqLpJ,52,3
grUzGtqLpJ,53,0
grUzGtqLpJ,54,0
grUzGtqLpJ,55,9
grUzGtqLpJ,56,10
grUzGtqLpJ,57,3
grUzGtqLpJ,58,10
grUzGtqLpJ,59,9
grUzGtqLpJ,60,7
grUzGtqLpJ,61,0
grUzGtqLpJ,62,6
grUzGtqLpJ,63,2
grUzGtqLpJ,64,1
grUzGtqLpJ,65,8
grUzGtqLpJ,66,3
grUzGtqLpJ,67,7
grUzGtqLpJ,68,5
grUzGtqLpJ,69,1
grUzGtqLpJ,70,2
grUzGtqLpJ,71,10
grUzGtqLpJ,72,1
grUzGtqLpJ,73,2
grUzGtqLpJ,74,10
grUzGtqLpJ,75,3
grUzGtqLpJ,76,2
grUzGtqLpJ,77,7
grUzGtqLpJ,78,10
grUzGtqLpJ,79,3
grUzGtqLpJ,80,1
grUzGtqLpJ,81,0
grUzGtqLpJ,82,8
grUzGtqLpJ,83,10
grUzGtqLpJ,84,1
grUzGtqLpJ,85,6
grUzGtqLpJ,86,1
grUzGtqLpJ,87,10
grUzGtqLpJ,88,6
grUzGtqLpJ,89,10
grUzGtqLpJ,90,0
grUzGtqLpJ,91,0
grUzGtqLpJ,92,1
grUzGtqLpJ,93,10
grUzGtqLpJ,94,6
grUzGtqLpJ,95,2
grUzGtqLpJ,96,5
grUzGtqLpJ,97,10
grUzGtqLpJ,98,10
grUzGtqLpJ,99,7
grUzGtqLpJ,100,4
grXEwGnHjw,1,10
grXEwGnHjw,2,5
grXEwGnHjw,3,10
grXEwGnHjw,4,10
grXEwGnHjw,5,7
grXEwGnHjw,6,4
grXEwGnHjw,7,10
grXEwGnHjw,8,5
grXEwGnHjw,9,5
grXEwGnHjw,10,2
grXEwGnHjw,11,0
grXEwGnHjw,12,0
grXEwGnHjw,13,6
grXEwGnHjw,14,9
grXEwGnHjw,15,1
grXEwGnHjw,16,2
grXEwGnHjw,17,9
grXEwGnHjw,18,1
grXEwGnHjw,19,1
grXEwGnHjw,20,3
grXEwGnHjw,21,8
grXEwGnHjw,22,2
grXEwGnHjw,23,9
grXEwGnHjw,24,3
grXEwGnHjw,25,7
grXEwGnHjw,26,3
grXEwGnHjw,27,7
grXEwGnHjw,28,4
grXEwGnHjw,29,3
grXEwGnHjw,30,2
grXEwGnHjw,31,4
grXEwGnHjw,32,2
grXEwGnHjw,33,3
grXEwGnHjw,34,5
grXEwGnHjw,35,6
grXEwGnHjw,36,5
grXEwGnHjw,37,10
grXEwGnHjw,38,6
grXEwGnHjw,39,3
grXEwGnHjw,40,4
grXEwGnHjw,41,10
grXEwGnHjw,42,8
grXEwGnHjw,43,2
grXEwGnHjw,44,9
grXEwGnHjw,45,10
grXEwGnHjw,46,0
grXEwGnHjw,47,10
grXEwGnHjw,48,2
grXEwGnHjw,49,5
grXEwGnHjw,50,3
grXEwGnHjw,51,1
grXEwGnHjw,52,10
grXEwGnHjw,53,3
grXEwGnHjw,54,8
grXEwGnHjw,55,0
grXEwGnHjw,56,1
grXEwGnHjw,57,0
grXEwGnHjw,58,4
grXEwGnHjw,59,10
grXEwGnHjw,60,1
grXEwGnHjw,61,10
grXEwGnHjw,62,10
grXEwGnHjw,63,1
grXEwGnHjw,64,2
grXEwGnHjw,65,1
grXEwGnHjw,66,0
grXEwGnHjw,67,2
grXEwGnHjw,68,7
grXEwGnHjw,69,1
grXEwGnHjw,70,10
grXEwGnHjw,71,10
grXEwGnHjw,72,2
grXEwGnHjw,73,4
grXEwGnHjw,74,8
grXEwGnHjw,75,1
grXEwGnHjw,76,2
grXEwGnHjw,77,1
grXEwGnHjw,78,1
grXEwGnHjw,79,1
grXEwGnHjw,80,0
grXEwGnHjw,81,10
grXEwGnHjw,82,3
grXEwGnHjw,83,3
grXEwGnHjw,84,10
grXEwGnHjw,85,4
grXEwGnHjw,86,10
grXEwGnHjw,87,10
grXEwGnHjw,88,6
grXEwGnHjw,89,2
grXEwGnHjw,90,0
grXEwGnHjw,91,10
grXEwGnHjw,92,7
grXEwGnHjw,93,10
grXEwGnHjw,94,6
grXEwGnHjw,95,10
grXEwGnHjw,96,6
grXEwGnHjw,97,10
grXEwGnHjw,98,1
grXEwGnHjw,99,4
grXEwGnHjw,100,5
grYXSsEnvI,1,8
grYXSsEnvI,2,8
grYXSsEnvI,3,3
grYXSsEnvI,4,7
grYXSsEnvI,5,8
grYXSsEnvI,6,3
grYXSsEnvI,7,5
grYXSsEnvI,8,1
grYXSsEnvI,9,4
grYXSsEnvI,10,10
grYXSsEnvI,11,2
grYXSsEnvI,12,10
grYXSsEnvI,13,1
grYXSsEnvI,14,2
grYXSsEnvI,15,1
grYXSsEnvI,16,4
grYXSsEnvI,17,1
grYXSsEnvI,18,10
grYXSsEnvI,19,10
grYXSsEnvI,20,3
grYXSsEnvI,21,3
grYXSsEnvI,22,9
grYXSsEnvI,23,7
grYXSsEnvI,24,1
grYXSsEnvI,25,2
grYXSsEnvI,26,2
grYXSsEnvI,27,3
grYXSsEnvI,28,10
grYXSsEnvI,29,7
grYXSsEnvI,30,5
grYXSsEnvI,31,7
grYXSsEnvI,32,2
grYXSsEnvI,33,10
grYXSsEnvI,34,1
grYXSsEnvI,35,4
grYXSsEnvI,36,3
grYXSsEnvI,37,10
grYXSsEnvI,38,10
grYXSsEnvI,39,2
grYXSsEnvI,40,2
grYXSsEnvI,41,0
grYXSsEnvI,42,3
grYXSsEnvI,43,0
grYXSsEnvI,44,10
grYXSsEnvI,45,10
grYXSsEnvI,46,0
grYXSsEnvI,47,5
grYXSsEnvI,48,10
grYXSsEnvI,49,4
grYXSsEnvI,50,10
grYXSsEnvI,51,1
grYXSsEnvI,52,10
grYXSsEnvI,53,2
grYXSsEnvI,54,1
grYXSsEnvI,55,6
grYXSsEnvI,56,2
grYXSsEnvI,57,3
grYXSsEnvI,58,1
grYXSsEnvI,59,4
grYXSsEnvI,60,1
grYXSsEnvI,61,9
grYXSsEnvI,62,2
grYXSsEnvI,63,9
grYXSsEnvI,64,1
grYXSsEnvI,65,4
grYXSsEnvI,66,10
grYXSsEnvI,67,0
grYXSsEnvI,68,8
grYXSsEnvI,69,10
grYXSsEnvI,70,6
grYXSsEnvI,71,9
grYXSsEnvI,72,10
grYXSsEnvI,73,5
grYXSsEnvI,74,1
grYXSsEnvI,75,1
grYXSsEnvI,76,6
grYXSsEnvI,77,3
grYXSsEnvI,78,2
grYXSsEnvI,79,10
grYXSsEnvI,80,7
grYXSsEnvI,81,0
grYXSsEnvI,82,1
grYXSsEnvI,83,5
grYXSsEnvI,84,10
grYXSsEnvI,85,0
grYXSsEnvI,86,5
grYXSsEnvI,87,10
grYXSsEnvI,88,3
grYXSsEnvI,89,6
grYXSsEnvI,90,6
grYXSsEnvI,91,10
grYXSsEnvI,92,5
grYXSsEnvI,93,6
grYXSsEnvI,94,2
grYXSsEnvI,95,0
grYXSsEnvI,96,10
grYXSsEnvI,97,10
grYXSsEnvI,98,4
grYXSsEnvI,99,0
grYXSsEnvI,100,4
graiODwKQg,1,10
graiODwKQg,2,1
graiODwKQg,3,1
graiODwKQg,4,10
graiODwKQg,5,10
graiODwKQg,6,10
graiODwKQg,7,3
graiODwKQg,8,2
graiODwKQg,9,1
graiODwKQg,10,0
graiODwKQg,11,3
graiODwKQg,12,10
graiODwKQg,13,10
graiODwKQg,14,6
graiODwKQg,15,9
graiODwKQg,16,1
graiODwKQg,17,4
graiODwKQg,18,1
graiODwKQg,19,5
graiODwKQg,20,1
graiODwKQg,21,3
graiODwKQg,22,2
graiODwKQg,23,3
graiODwKQg,24,8
graiODwKQg,25,4
graiODwKQg,26,7
graiODwKQg,27,10
graiODwKQg,28,10
graiODwKQg,29,4
graiODwKQg,30,0
graiODwKQg,31,0
graiODwKQg,32,6
graiODwKQg,33,10
graiODwKQg,34,9
graiODwKQg,35,0
graiODwKQg,36,7
graiODwKQg,37,8
graiODwKQg,38,7
graiODwKQg,39,2
graiODwKQg,40,4
graiODwKQg,41,1
graiODwKQg,42,6
graiODwKQg,43,8
graiODwKQg,44,7
graiODwKQg,45,6
graiODwKQg,46,10
graiODwKQg,47,3
graiODwKQg,48,1
graiODwKQg,49,10
graiODwKQg,50,2
graiODwKQg,51,0
graiODwKQg,52,3
graiODwKQg,53,9
graiODwKQg,54,5
graiODwKQg,55,2
graiODwKQg,56,3
graiODwKQg,57,3
graiODwKQg,58,5
graiODwKQg,59,1
graiODwKQg,60,2
graiODwKQg,61,4
graiODwKQg,62,3
graiODwKQg,63,0
graiODwKQg,64,2
graiODwKQg,65,10
graiODwKQg,66,10
graiODwKQg,67,0
graiODwKQg,68,4
graiODwKQg,69,10
graiODwKQg,70,10
graiODwKQg,71,10
graiODwKQg,72,1
graiODwKQg,73,1
graiODwKQg,74,3
graiODwKQg,75,6
graiODwKQg,76,8
graiODwKQg,77,5
graiODwKQg,78,2
graiODwKQg,79,10
graiODwKQg,80,2
graiODwKQg,81,10
graiODwKQg,82,4
graiODwKQg,83,1
graiODwKQg,84,1
graiODwKQg,85,2
graiODwKQg,86,10
graiODwKQg,87,5
graiODwKQg,88,0
graiODwKQg,89,7
graiODwKQg,90,1
graiODwKQg,91,9
graiODwKQg,92,4
graiODwKQg,93,10
graiODwKQg,94,5
graiODwKQg,95,10
graiODwKQg,96,2
graiODwKQg,97,10
graiODwKQg,98,5
graiODwKQg,99,2
graiODwKQg,100,6
gramdMwSAL,1,6
gramdMwSAL,2,6
gramdMwSAL,3,0
gramdMwSAL,4,0
gramdMwSAL,5,10
gramdMwSAL,6,3
gramdMwSAL,7,5
gramdMwSAL,8,1
gramdMwSAL,9,10
gramdMwSAL,10,4
gramdMwSAL,11,1
gramdMwSAL,12,0
gramdMwSAL,13,10
gramdMwSAL,14,3
gramdMwSAL,15,10
gramdMwSAL,16,10
gramdMwSAL,17,1
gramdMwSAL,18,5
gramdMwSAL,19,4
gramdMwSAL,20,8
gramdMwSAL,21,5
gramdMwSAL,22,2
gramdMwSAL,23,5
gramdMwSAL,24,2
gramdMwSAL,25,10
gramdMwSAL,26,2
gramdMwSAL,27,1
gramdMwSAL,28,3
gramdMwSAL,29,6
gramdMwSAL,30,1
gramdMwSAL,31,4
gramdMwSAL,32,1
gramdMwSAL,33,0
gramdMwSAL,34,7
gramdMwSAL,35,10
gramdMwSAL,36,10
gramdMwSAL,37,10
gramdMwSAL,38,10
gramdMwSAL,39,7
gramdMwSAL,40,8
gramdMwSAL,41,0
gramdMwSAL,42,1
gramdMwSAL,43,10
gramdMwSAL,44,5
gramdMwSAL,45,3
gramdMwSAL,46,10
gramdMwSAL,47,10
gramdMwSAL,48,7
gramdMwSAL,49,6
gramdMwSAL,50,3
gramdMwSAL,51,2
gramdMwSAL,52,3
gramdMwSAL,53,10
gramdMwSAL,54,9
gramdMwSAL,55,10
gramdMwSAL,56,10
gramdMwSAL,57,8
gramdMwSAL,58,10
gramdMwSAL,59,4
gramdMwSAL,60,5
gramdMwSAL,61,4
gramdMwSAL,62,1
gramdMwSAL,63,1
gramdMwSAL,64,1
gramdMwSAL,65,2
gramdMwSAL,66,2
gramdMwSAL,67,4
gramdMwSAL,68,10
gramdMwSAL,69,10
gramdMwSAL,70,8
gramdMwSAL,71,2
gramdMwSAL,72,0
gramdMwSAL,73,6
gramdMwSAL,74,2
gramdMwSAL,75,1
gramdMwSAL,76,10
gramdMwSAL,77,2
gramdMwSAL,78,4
gramdMwSAL,79,9
gramdMwSAL,80,1
gramdMwSAL,81,9
gramdMwSAL,82,6
gramdMwSAL,83,10
gramdMwSAL,84,7
gramdMwSAL,85,2
gramdMwSAL,86,3
gramdMwSAL,87,0
gramdMwSAL,88,3
gramdMwSAL,89,2
gramdMwSAL,90,1
gramdMwSAL,91,5
gramdMwSAL,92,1
gramdMwSAL,93,4
gramdMwSAL,94,10
gramdMwSAL,95,0
gramdMwSAL,96,7
gramdMwSAL,97,9
gramdMwSAL,98,2
gramdMwSAL,99,3
gramdMwSAL,100,3
greSzJvclB,1,10
greSzJvclB,2,9
greSzJvclB,3,1
greSzJvclB,4,0
greSzJvclB,5,1
greSzJvclB,6,10
greSzJvclB,7,3
greSzJvclB,8,10
greSzJvclB,9,2
greSzJvclB,10,10
greSzJvclB,11,2
greSzJvclB,12,0
greSzJvclB,13,2
greSzJvclB,14,2
greSzJvclB,15,10
greSzJvclB,16,10
greSzJvclB,17,4
greSzJvclB,18,6
greSzJvclB,19,1
greSzJvclB,20,5
greSzJvclB,21,10
greSzJvclB,22,3
greSzJvclB,23,10
greSzJvclB,24,4
greSzJvclB,25,4
greSzJvclB,26,7
greSzJvclB,27,9
greSzJvclB,28,4
greSzJvclB,29,3
greSzJvclB,30,1
greSzJvclB,31,10
greSzJvclB,32,10
greSzJvclB,33,1
greSzJvclB,34,3
greSzJvclB,35,1
greSzJvclB,36,8
greSzJvclB,37,2
greSzJvclB,38,3
greSzJvclB,39,0
greSzJvclB,40,6
greSzJvclB,41,1
greSzJvclB,42,9
greSzJvclB,43,3
greSzJvclB,44,10
greSzJvclB,45,6
greSzJvclB,46,0
greSzJvclB,47,1
greSzJvclB,48,8
greSzJvclB,49,6
greSzJvclB,50,6
greSzJvclB,51,7
greSzJvclB,52,3
greSzJvclB,53,10
greSzJvclB,54,0
greSzJvclB,55,2
greSzJvclB,56,7
greSzJvclB,57,0
greSzJvclB,58,10
greSzJvclB,59,1
greSzJvclB,60,2
greSzJvclB,61,2
greSzJvclB,62,10
greSzJvclB,63,1
greSzJvclB,64,4
greSzJvclB,65,10
greSzJvclB,66,2
greSzJvclB,67,10
greSzJvclB,68,5
greSzJvclB,69,2
greSzJvclB,70,0
greSzJvclB,71,7
greSzJvclB,72,6
greSzJvclB,73,10
greSzJvclB,74,4
greSzJvclB,75,1
greSzJvclB,76,2
greSzJvclB,77,5
greSzJvclB,78,10
greSzJvclB,79,0
greSzJvclB,80,5
greSzJvclB,81,10
greSzJvclB,82,2
greSzJvclB,83,1
greSzJvclB,84,1
greSzJvclB,85,10
greSzJvclB,86,9
greSzJvclB,87,8
greSzJvclB,88,3
greSzJvclB,89,5
greSzJvclB,90,10
greSzJvclB,91,5
greSzJvclB,92,10
greSzJvclB,93,4
greSzJvclB,94,4
greSzJvclB,95,1
greSzJvclB,96,3
greSzJvclB,97,3
greSzJvclB,98,5
greSzJvclB,99,8
greSzJvclB,100,7
grinYemKPM,1,10
grinYemKPM,2,4
grinYemKPM,3,1
grinYemKPM,4,9
grinYemKPM,5,3
grinYemKPM,6,6
grinYemKPM,7,5
grinYemKPM,8,0
grinYemKPM,9,3
grinYemKPM,10,10
grinYemKPM,11,10
grinYemKPM,12,3
grinYemKPM,13,1
grinYemKPM,14,0
grinYemKPM,15,2
grinYemKPM,16,6
grinYemKPM,17,2
grinYemKPM,18,1
grinYemKPM,19,4
grinYemKPM,20,4
grinYemKPM,21,4
grinYemKPM,22,7
grinYemKPM,23,2
grinYemKPM,24,0
grinYemKPM,25,2
grinYemKPM,26,3
grinYemKPM,27,0
grinYemKPM,28,3
grinYemKPM,29,2
grinYemKPM,30,7
grinYemKPM,31,9
grinYemKPM,32,1
grinYemKPM,33,1
grinYemKPM,34,4
grinYemKPM,35,10
grinYemKPM,36,3
grinYemKPM,37,4
grinYemKPM,38,7
grinYemKPM,39,8
grinYemKPM,40,4
grinYemKPM,41,2
grinYemKPM,42,5
grinYemKPM,43,10
grinYemKPM,44,10
grinYemKPM,45,1
grinYemKPM,46,10
grinYemKPM,47,5
grinYemKPM,48,7
grinYemKPM,49,10
grinYemKPM,50,5
grinYemKPM,51,10
grinYemKPM,52,1
grinYemKPM,53,10
grinYemKPM,54,1
grinYemKPM,55,9
grinYemKPM,56,1
grinYemKPM,57,0
grinYemKPM,58,10
grinYemKPM,59,10
grinYemKPM,60,1
grinYemKPM,61,5
grinYemKPM,62,3
grinYemKPM,63,8
grinYemKPM,64,5
grinYemKPM,65,10
grinYemKPM,66,2
grinYemKPM,67,3
grinYemKPM,68,2
grinYemKPM,69,1
grinYemKPM,70,10
grinYemKPM,71,2
grinYemKPM,72,10
grinYemKPM,73,10
grinYemKPM,74,2
grinYemKPM,75,6
grinYemKPM,76,6
grinYemKPM,77,9
grinYemKPM,78,6
grinYemKPM,79,1
grinYemKPM,80,10
grinYemKPM,81,10
grinYemKPM,82,10
grinYemKPM,83,10
grinYemKPM,84,7
grinYemKPM,85,3
grinYemKPM,86,3
grinYemKPM,87,10
grinYemKPM,88,2
grinYemKPM,89,1
grinYemKPM,90,2
grinYemKPM,91,6
grinYemKPM,92,0
grinYemKPM,93,1
grinYemKPM,94,0
grinYemKPM,95,5
grinYemKPM,96,8
grinYemKPM,97,10
grinYemKPM,98,4
grinYemKPM,99,8
grinYemKPM,100,0
grjkeOoBYM,1,10
grjkeOoBYM,2,1
grjkeOoBYM,3,8
grjkeOoBYM,4,5
grjkeOoBYM,5,4
grjkeOoBYM,6,10
grjkeOoBYM,7,2
grjkeOoBYM,8,10
grjkeOoBYM,9,1
grjkeOoBYM,10,10
grjkeOoBYM,11,10
grjkeOoBYM,12,8
grjkeOoBYM,13,9
grjkeOoBYM,14,2
grjkeOoBYM,15,0
grjkeOoBYM,16,6
grjkeOoBYM,17,6
grjkeOoBYM,18,5
grjkeOoBYM,19,3
grjkeOoBYM,20,0
grjkeOoBYM,21,5
grjkeOoBYM,22,2
grjkeOoBYM,23,6
grjkeOoBYM,24,0
grjkeOoBYM,25,4
grjkeOoBYM,26,7
grjkeOoBYM,27,1
grjkeOoBYM,28,8
grjkeOoBYM,29,2
grjkeOoBYM,30,10
grjkeOoBYM,31,9
grjkeOoBYM,32,4
grjkeOoBYM,33,8
grjkeOoBYM,34,5
grjkeOoBYM,35,0
grjkeOoBYM,36,4
grjkeOoBYM,37,7
grjkeOoBYM,38,5
grjkeOoBYM,39,10
grjkeOoBYM,40,2
grjkeOoBYM,41,1
grjkeOoBYM,42,3
grjkeOoBYM,43,2
grjkeOoBYM,44,2
grjkeOoBYM,45,7
grjkeOoBYM,46,1
grjkeOoBYM,47,2
grjkeOoBYM,48,2
grjkeOoBYM,49,5
grjkeOoBYM,50,7
grjkeOoBYM,51,0
grjkeOoBYM,52,1
grjkeOoBYM,53,3
grjkeOoBYM,54,10
grjkeOoBYM,55,6
grjkeOoBYM,56,2
grjkeOoBYM,57,4
grjkeOoBYM,58,0
grjkeOoBYM,59,1
grjkeOoBYM,60,10
grjkeOoBYM,61,3
grjkeOoBYM,62,1
grjkeOoBYM,63,10
grjkeOoBYM,64,1
grjkeOoBYM,65,10
grjkeOoBYM,66,10
grjkeOoBYM,67,5
grjkeOoBYM,68,4
grjkeOoBYM,69,10
grjkeOoBYM,70,9
grjkeOoBYM,71,1
grjkeOoBYM,72,10
grjkeOoBYM,73,1
grjkeOoBYM,74,0
grjkeOoBYM,75,1
grjkeOoBYM,76,2
grjkeOoBYM,77,10
grjkeOoBYM,78,7
grjkeOoBYM,79,10
grjkeOoBYM,80,0
grjkeOoBYM,81,3
grjkeOoBYM,82,3
grjkeOoBYM,83,10
grjkeOoBYM,84,1
grjkeOoBYM,85,6
grjkeOoBYM,86,4
grjkeOoBYM,87,10
grjkeOoBYM,88,4
grjkeOoBYM,89,3
grjkeOoBYM,90,10
grjkeOoBYM,91,3
grjkeOoBYM,92,10
grjkeOoBYM,93,9
grjkeOoBYM,94,3
grjkeOoBYM,95,10
grjkeOoBYM,96,2
grjkeOoBYM,97,6
grjkeOoBYM,98,10
grjkeOoBYM,99,3
grjkeOoBYM,100,1
grkzYgyqTn,1,9
grkzYgyqTn,2,2
grkzYgyqTn,3,1
grkzYgyqTn,4,10
grkzYgyqTn,5,2
grkzYgyqTn,6,10
grkzYgyqTn,7,5
grkzYgyqTn,8,6
grkzYgyqTn,9,10
grkzYgyqTn,10,0
grkzYgyqTn,11,4
grkzYgyqTn,12,10
grkzYgyqTn,13,2
grkzYgyqTn,14,1
grkzYgyqTn,15,10
grkzYgyqTn,16,10
grkzYgyqTn,17,2
grkzYgyqTn,18,10
grkzYgyqTn,19,9
grkzYgyqTn,20,10
grkzYgyqTn,21,7
grkzYgyqTn,22,7
grkzYgyqTn,23,2
grkzYgyqTn,24,7
grkzYgyqTn,25,3
grkzYgyqTn,26,3
grkzYgyqTn,27,6
grkzYgyqTn,28,6
grkzYgyqTn,29,7
grkzYgyqTn,30,3
grkzYgyqTn,31,3
grkzYgyqTn,32,5
grkzYgyqTn,33,4
grkzYgyqTn,34,10
grkzYgyqTn,35,4
grkzYgyqTn,36,0
grkzYgyqTn,37,4
grkzYgyqTn,38,3
grkzYgyqTn,39,5
grkzYgyqTn,40,0
grkzYgyqTn,41,7
grkzYgyqTn,42,10
grkzYgyqTn,43,1
grkzYgyqTn,44,10
grkzYgyqTn,45,9
grkzYgyqTn,46,0
grkzYgyqTn,47,8
grkzYgyqTn,48,3
grkzYgyqTn,49,10
grkzYgyqTn,50,6
grkzYgyqTn,51,4
grkzYgyqTn,52,1
grkzYgyqTn,53,10
grkzYgyqTn,54,6
grkzYgyqTn,55,10
grkzYgyqTn,56,10
grkzYgyqTn,57,0
grkzYgyqTn,58,1
grkzYgyqTn,59,0
grkzYgyqTn,60,4
grkzYgyqTn,61,2
grkzYgyqTn,62,5
grkzYgyqTn,63,10
grkzYgyqTn,64,4
grkzYgyqTn,65,4
grkzYgyqTn,66,1
grkzYgyqTn,67,1
grkzYgyqTn,68,6
grkzYgyqTn,69,10
grkzYgyqTn,70,2
grkzYgyqTn,71,8
grkzYgyqTn,72,5
grkzYgyqTn,73,3
grkzYgyqTn,74,10
grkzYgyqTn,75,2
grkzYgyqTn,76,1
grkzYgyqTn,77,8
grkzYgyqTn,78,2
grkzYgyqTn,79,2
grkzYgyqTn,80,3
grkzYgyqTn,81,5
grkzYgyqTn,82,2
grkzYgyqTn,83,1
grkzYgyqTn,84,1
grkzYgyqTn,85,10
grkzYgyqTn,86,10
grkzYgyqTn,87,10
grkzYgyqTn,88,9
grkzYgyqTn,89,1
grkzYgyqTn,90,1
grkzYgyqTn,91,1
grkzYgyqTn,92,3
grkzYgyqTn,93,3
grkzYgyqTn,94,2
grkzYgyqTn,95,5
grkzYgyqTn,96,10
grkzYgyqTn,97,1
grkzYgyqTn,98,0
grkzYgyqTn,99,8
grkzYgyqTn,100,0
grqbhXEUIv,1,4
grqbhXEUIv,2,6
grqbhXEUIv,3,0
grqbhXEUIv,4,1
grqbhXEUIv,5,2
grqbhXEUIv,6,6
grqbhXEUIv,7,7
grqbhXEUIv,8,3
grqbhXEUIv,9,7
grqbhXEUIv,10,9
grqbhXEUIv,11,4
grqbhXEUIv,12,10
grqbhXEUIv,13,10
grqbhXEUIv,14,10
grqbhXEUIv,15,2
grqbhXEUIv,16,4
grqbhXEUIv,17,2
grqbhXEUIv,18,1
grqbhXEUIv,19,2
grqbhXEUIv,20,4
grqbhXEUIv,21,0
grqbhXEUIv,22,1
grqbhXEUIv,23,5
grqbhXEUIv,24,1
grqbhXEUIv,25,1
grqbhXEUIv,26,0
grqbhXEUIv,27,9
grqbhXEUIv,28,8
grqbhXEUIv,29,3
grqbhXEUIv,30,4
grqbhXEUIv,31,5
grqbhXEUIv,32,1
grqbhXEUIv,33,5
grqbhXEUIv,34,6
grqbhXEUIv,35,6
grqbhXEUIv,36,10
grqbhXEUIv,37,10
grqbhXEUIv,38,10
grqbhXEUIv,39,3
grqbhXEUIv,40,4
grqbhXEUIv,41,5
grqbhXEUIv,42,3
grqbhXEUIv,43,4
grqbhXEUIv,44,1
grqbhXEUIv,45,2
grqbhXEUIv,46,5
grqbhXEUIv,47,10
grqbhXEUIv,48,8
grqbhXEUIv,49,1
grqbhXEUIv,50,3
grqbhXEUIv,51,3
grqbhXEUIv,52,2
grqbhXEUIv,53,5
grqbhXEUIv,54,3
grqbhXEUIv,55,1
grqbhXEUIv,56,10
grqbhXEUIv,57,10
grqbhXEUIv,58,10
grqbhXEUIv,59,10
grqbhXEUIv,60,1
grqbhXEUIv,61,2
grqbhXEUIv,62,7
grqbhXEUIv,63,9
grqbhXEUIv,64,0
grqbhXEUIv,65,5
grqbhXEUIv,66,10
grqbhXEUIv,67,2
grqbhXEUIv,68,7
grqbhXEUIv,69,6
grqbhXEUIv,70,0
grqbhXEUIv,71,10
grqbhXEUIv,72,10
grqbhXEUIv,73,0
grqbhXEUIv,74,10
grqbhXEUIv,75,3
grqbhXEUIv,76,10
grqbhXEUIv,77,1
grqbhXEUIv,78,1
grqbhXEUIv,79,0
grqbhXEUIv,80,10
grqbhXEUIv,81,4
grqbhXEUIv,82,0
grqbhXEUIv,83,2
grqbhXEUIv,84,6
grqbhXEUIv,85,1
grqbhXEUIv,86,10
grqbhXEUIv,87,3
grqbhXEUIv,88,1
grqbhXEUIv,89,2
grqbhXEUIv,90,10
grqbhXEUIv,91,2
grqbhXEUIv,92,10
grqbhXEUIv,93,10
grqbhXEUIv,94,7
grqbhXEUIv,95,2
grqbhXEUIv,96,8
grqbhXEUIv,97,10
grqbhXEUIv,98,3
grqbhXEUIv,99,8
grqbhXEUIv,100,9
grrPlOehHL,1,7
grrPlOehHL,2,3
grrPlOehHL,3,5
grrPlOehHL,4,4
grrPlOehHL,5,2
grrPlOehHL,6,2
grrPlOehHL,7,3
grrPlOehHL,8,6
grrPlOehHL,9,0
grrPlOehHL,10,10
grrPlOehHL,11,1
grrPlOehHL,12,10
grrPlOehHL,13,0
grrPlOehHL,14,1
grrPlOehHL,15,3
grrPlOehHL,16,6
grrPlOehHL,17,10
grrPlOehHL,18,1
grrPlOehHL,19,7
grrPlOehHL,20,0
grrPlOehHL,21,6
grrPlOehHL,22,1
grrPlOehHL,23,6
grrPlOehHL,24,4
grrPlOehHL,25,5
grrPlOehHL,26,2
grrPlOehHL,27,3
grrPlOehHL,28,10
grrPlOehHL,29,6
grrPlOehHL,30,1
grrPlOehHL,31,10
grrPlOehHL,32,10
grrPlOehHL,33,4
grrPlOehHL,34,2
grrPlOehHL,35,5
grrPlOehHL,36,3
grrPlOehHL,37,10
grrPlOehHL,38,1
grrPlOehHL,39,1
grrPlOehHL,40,8
grrPlOehHL,41,3
grrPlOehHL,42,5
grrPlOehHL,43,3
grrPlOehHL,44,3
grrPlOehHL,45,7
grrPlOehHL,46,10
grrPlOehHL,47,4
grrPlOehHL,48,10
grrPlOehHL,49,4
grrPlOehHL,50,5
grrPlOehHL,51,7
grrPlOehHL,52,10
grrPlOehHL,53,0
grrPlOehHL,54,5
grrPlOehHL,55,10
grrPlOehHL,56,10
grrPlOehHL,57,10
grrPlOehHL,58,1
grrPlOehHL,59,1
grrPlOehHL,60,10
grrPlOehHL,61,8
grrPlOehHL,62,2
grrPlOehHL,63,3
grrPlOehHL,64,1
grrPlOehHL,65,0
grrPlOehHL,66,2
grrPlOehHL,67,2
grrPlOehHL,68,6
grrPlOehHL,69,1
grrPlOehHL,70,5
grrPlOehHL,71,4
grrPlOehHL,72,9
grrPlOehHL,73,7
grrPlOehHL,74,2
grrPlOehHL,75,8
grrPlOehHL,76,1
grrPlOehHL,77,10
grrPlOehHL,78,10
grrPlOehHL,79,4
grrPlOehHL,80,2
grrPlOehHL,81,3
grrPlOehHL,82,9
grrPlOehHL,83,2
grrPlOehHL,84,9
grrPlOehHL,85,2
grrPlOehHL,86,10
grrPlOehHL,87,10
grrPlOehHL,88,1
grrPlOehHL,89,0
grrPlOehHL,90,8
grrPlOehHL,91,0
grrPlOehHL,92,10
grrPlOehHL,93,10
grrPlOehHL,94,2
grrPlOehHL,95,9
grrPlOehHL,96,4
grrPlOehHL,97,10
grrPlOehHL,98,0
grrPlOehHL,99,1
grrPlOehHL,100,10
grsVZRFVJl,1,6
grsVZRFVJl,2,4
grsVZRFVJl,3,6
grsVZRFVJl,4,3
grsVZRFVJl,5,5
grsVZRFVJl,6,10
grsVZRFVJl,7,2
grsVZRFVJl,8,10
grsVZRFVJl,9,1
grsVZRFVJl,10,1
grsVZRFVJl,11,8
grsVZRFVJl,12,3
grsVZRFVJl,13,10
grsVZRFVJl,14,2
grsVZRFVJl,15,4
grsVZRFVJl,16,5
grsVZRFVJl,17,10
grsVZRFVJl,18,10
grsVZRFVJl,19,5
grsVZRFVJl,20,0
grsVZRFVJl,21,10
grsVZRFVJl,22,4
grsVZRFVJl,23,10
grsVZRFVJl,24,1
grsVZRFVJl,25,10
grsVZRFVJl,26,4
grsVZRFVJl,27,7
grsVZRFVJl,28,3
grsVZRFVJl,29,8
grsVZRFVJl,30,8
grsVZRFVJl,31,3
grsVZRFVJl,32,8
grsVZRFVJl,33,2
grsVZRFVJl,34,1
grsVZRFVJl,35,9
grsVZRFVJl,36,0
grsVZRFVJl,37,5
grsVZRFVJl,38,3
grsVZRFVJl,39,6
grsVZRFVJl,40,4
grsVZRFVJl,41,10
grsVZRFVJl,42,4
grsVZRFVJl,43,3
grsVZRFVJl,44,10
grsVZRFVJl,45,6
grsVZRFVJl,46,10
grsVZRFVJl,47,2
grsVZRFVJl,48,2
grsVZRFVJl,49,7
grsVZRFVJl,50,9
grsVZRFVJl,51,0
grsVZRFVJl,52,2
grsVZRFVJl,53,10
grsVZRFVJl,54,10
grsVZRFVJl,55,6
grsVZRFVJl,56,1
grsVZRFVJl,57,10
grsVZRFVJl,58,5
grsVZRFVJl,59,7
grsVZRFVJl,60,10
grsVZRFVJl,61,10
grsVZRFVJl,62,1
grsVZRFVJl,63,10
grsVZRFVJl,64,5
grsVZRFVJl,65,1
grsVZRFVJl,66,5
grsVZRFVJl,67,2
grsVZRFVJl,68,0
grsVZRFVJl,69,0
grsVZRFVJl,70,9
grsVZRFVJl,71,3
grsVZRFVJl,72,3
grsVZRFVJl,73,2
grsVZRFVJl,74,3
grsVZRFVJl,75,0
grsVZRFVJl,76,2
grsVZRFVJl,77,2
grsVZRFVJl,78,4
grsVZRFVJl,79,6
grsVZRFVJl,80,2
grsVZRFVJl,81,10
grsVZRFVJl,82,10
grsVZRFVJl,83,1
grsVZRFVJl,84,1
grsVZRFVJl,85,7
grsVZRFVJl,86,9
grsVZRFVJl,87,10
grsVZRFVJl,88,1
grsVZRFVJl,89,0
grsVZRFVJl,90,7
grsVZRFVJl,91,2
grsVZRFVJl,92,1
grsVZRFVJl,93,4
grsVZRFVJl,94,3
grsVZRFVJl,95,1
grsVZRFVJl,96,1
grsVZRFVJl,97,10
grsVZRFVJl,98,1
grsVZRFVJl,99,0
grsVZRFVJl,100,10
grtaAyOZKH,1,9
grtaAyOZKH,2,0
grtaAyOZKH,3,4
grtaAyOZKH,4,1
grtaAyOZKH,5,10
grtaAyOZKH,6,3
grtaAyOZKH,7,4
grtaAyOZKH,8,7
grtaAyOZKH,9,6
grtaAyOZKH,10,1
grtaAyOZKH,11,8
grtaAyOZKH,12,1
grtaAyOZKH,13,1
grtaAyOZKH,14,4
grtaAyOZKH,15,2
grtaAyOZKH,16,8
grtaAyOZKH,17,9
grtaAyOZKH,18,10
grtaAyOZKH,19,0
grtaAyOZKH,20,7
grtaAyOZKH,21,6
grtaAyOZKH,22,10
grtaAyOZKH,23,10
grtaAyOZKH,24,0
grtaAyOZKH,25,7
grtaAyOZKH,26,3
grtaAyOZKH,27,10
grtaAyOZKH,28,10
grtaAyOZKH,29,3
grtaAyOZKH,30,10
grtaAyOZKH,31,2
grtaAyOZKH,32,4
grtaAyOZKH,33,2
grtaAyOZKH,34,1
grtaAyOZKH,35,5
grtaAyOZKH,36,3
grtaAyOZKH,37,10
grtaAyOZKH,38,7
grtaAyOZKH,39,9
grtaAyOZKH,40,7
grtaAyOZKH,41,5
grtaAyOZKH,42,10
grtaAyOZKH,43,6
grtaAyOZKH,44,10
grtaAyOZKH,45,1
grtaAyOZKH,46,2
grtaAyOZKH,47,10
grtaAyOZKH,48,1
grtaAyOZKH,49,1
grtaAyOZKH,50,1
grtaAyOZKH,51,10
grtaAyOZKH,52,5
grtaAyOZKH,53,10
grtaAyOZKH,54,0
grtaAyOZKH,55,10
grtaAyOZKH,56,10
grtaAyOZKH,57,10
grtaAyOZKH,58,10
grtaAyOZKH,59,2
grtaAyOZKH,60,1
grtaAyOZKH,61,1
grtaAyOZKH,62,10
grtaAyOZKH,63,0
grtaAyOZKH,64,5
grtaAyOZKH,65,10
grtaAyOZKH,66,6
grtaAyOZKH,67,6
grtaAyOZKH,68,2
grtaAyOZKH,69,3
grtaAyOZKH,70,8
grtaAyOZKH,71,0
grtaAyOZKH,72,4
grtaAyOZKH,73,3
grtaAyOZKH,74,4
grtaAyOZKH,75,0
grtaAyOZKH,76,6
grtaAyOZKH,77,3
grtaAyOZKH,78,1
grtaAyOZKH,79,2
grtaAyOZKH,80,0
grtaAyOZKH,81,10
grtaAyOZKH,82,2
grtaAyOZKH,83,2
grtaAyOZKH,84,3
grtaAyOZKH,85,4
grtaAyOZKH,86,9
grtaAyOZKH,87,2
grtaAyOZKH,88,10
grtaAyOZKH,89,4
grtaAyOZKH,90,5
grtaAyOZKH,91,3
grtaAyOZKH,92,2
grtaAyOZKH,93,1
grtaAyOZKH,94,5
grtaAyOZKH,95,5
grtaAyOZKH,96,2
grtaAyOZKH,97,3
grtaAyOZKH,98,10
grtaAyOZKH,99,8
grtaAyOZKH,100,1
grvkOEDWsp,1,2
grvkOEDWsp,2,1
grvkOEDWsp,3,1
grvkOEDWsp,4,0
grvkOEDWsp,5,3
grvkOEDWsp,6,7
grvkOEDWsp,7,1
grvkOEDWsp,8,1
grvkOEDWsp,9,5
grvkOEDWsp,10,10
grvkOEDWsp,11,7
grvkOEDWsp,12,3
grvkOEDWsp,13,10
grvkOEDWsp,14,0
grvkOEDWsp,15,10
grvkOEDWsp,16,9
grvkOEDWsp,17,0
grvkOEDWsp,18,3
grvkOEDWsp,19,8
grvkOEDWsp,20,2
grvkOEDWsp,21,5
grvkOEDWsp,22,3
grvkOEDWsp,23,10
grvkOEDWsp,24,4
grvkOEDWsp,25,9
grvkOEDWsp,26,10
grvkOEDWsp,27,2
grvkOEDWsp,28,4
grvkOEDWsp,29,2
grvkOEDWsp,30,7
grvkOEDWsp,31,10
grvkOEDWsp,32,10
grvkOEDWsp,33,2
grvkOEDWsp,34,1
grvkOEDWsp,35,10
grvkOEDWsp,36,4
grvkOEDWsp,37,6
grvkOEDWsp,38,4
grvkOEDWsp,39,10
grvkOEDWsp,40,9
grvkOEDWsp,41,1
grvkOEDWsp,42,1
grvkOEDWsp,43,10
grvkOEDWsp,44,10
grvkOEDWsp,45,4
grvkOEDWsp,46,2
grvkOEDWsp,47,10
grvkOEDWsp,48,4
grvkOEDWsp,49,6
grvkOEDWsp,50,0
grvkOEDWsp,51,2
grvkOEDWsp,52,10
grvkOEDWsp,53,3
grvkOEDWsp,54,0
grvkOEDWsp,55,8
grvkOEDWsp,56,1
grvkOEDWsp,57,5
grvkOEDWsp,58,4
grvkOEDWsp,59,10
grvkOEDWsp,60,10
grvkOEDWsp,61,10
grvkOEDWsp,62,3
grvkOEDWsp,63,1
grvkOEDWsp,64,6
grvkOEDWsp,65,1
grvkOEDWsp,66,5
grvkOEDWsp,67,6
grvkOEDWsp,68,1
grvkOEDWsp,69,3
grvkOEDWsp,70,0
grvkOEDWsp,71,2
grvkOEDWsp,72,7
grvkOEDWsp,73,10
grvkOEDWsp,74,2
grvkOEDWsp,75,4
grvkOEDWsp,76,5
grvkOEDWsp,77,1
grvkOEDWsp,78,10
grvkOEDWsp,79,5
grvkOEDWsp,80,2
grvkOEDWsp,81,6
grvkOEDWsp,82,6
grvkOEDWsp,83,2
grvkOEDWsp,84,3
grvkOEDWsp,85,3
grvkOEDWsp,86,10
grvkOEDWsp,87,10
grvkOEDWsp,88,10
grvkOEDWsp,89,9
grvkOEDWsp,90,10
grvkOEDWsp,91,0
grvkOEDWsp,92,5
grvkOEDWsp,93,0
grvkOEDWsp,94,7
grvkOEDWsp,95,2
grvkOEDWsp,96,8
grvkOEDWsp,97,1
grvkOEDWsp,98,1
grvkOEDWsp,99,3
grvkOEDWsp,100,8
grwRxNPgzz,1,3
grwRxNPgzz,2,5
grwRxNPgzz,3,9
grwRxNPgzz,4,6
grwRxNPgzz,5,10
grwRxNPgzz,6,1
grwRxNPgzz,7,10
grwRxNPgzz,8,1
grwRxNPgzz,9,6
grwRxNPgzz,10,6
grwRxNPgzz,11,6
grwRxNPgzz,12,8
grwRxNPgzz,13,10
grwRxNPgzz,14,3
grwRxNPgzz,15,4
grwRxNPgzz,16,10
grwRxNPgzz,17,7
grwRxNPgzz,18,1
grwRxNPgzz,19,10
grwRxNPgzz,20,2
grwRxNPgzz,21,2
grwRxNPgzz,22,5
grwRxNPgzz,23,10
grwRxNPgzz,24,10
grwRxNPgzz,25,1
grwRxNPgzz,26,9
grwRxNPgzz,27,2
grwRxNPgzz,28,5
grwRxNPgzz,29,1
grwRxNPgzz,30,2
grwRxNPgzz,31,2
grwRxNPgzz,32,3
grwRxNPgzz,33,10
grwRxNPgzz,34,10
grwRxNPgzz,35,6
grwRxNPgzz,36,1
grwRxNPgzz,37,7
grwRxNPgzz,38,7
grwRxNPgzz,39,4
grwRxNPgzz,40,3
grwRxNPgzz,41,3
grwRxNPgzz,42,0
grwRxNPgzz,43,7
grwRxNPgzz,44,10
grwRxNPgzz,45,4
grwRxNPgzz,46,10
grwRxNPgzz,47,1
grwRxNPgzz,48,0
grwRxNPgzz,49,10
grwRxNPgzz,50,8
grwRxNPgzz,51,10
grwRxNPgzz,52,3
grwRxNPgzz,53,10
grwRxNPgzz,54,10
grwRxNPgzz,55,2
grwRxNPgzz,56,2
grwRxNPgzz,57,0
grwRxNPgzz,58,9
grwRxNPgzz,59,1
grwRxNPgzz,60,4
grwRxNPgzz,61,4
grwRxNPgzz,62,1
grwRxNPgzz,63,0
grwRxNPgzz,64,6
grwRxNPgzz,65,3
grwRxNPgzz,66,10
grwRxNPgzz,67,1
grwRxNPgzz,68,4
grwRxNPgzz,69,1
grwRxNPgzz,70,8
grwRxNPgzz,71,1
grwRxNPgzz,72,0
grwRxNPgzz,73,2
grwRxNPgzz,74,3
grwRxNPgzz,75,10
grwRxNPgzz,76,5
grwRxNPgzz,77,5
grwRxNPgzz,78,1
grwRxNPgzz,79,3
grwRxNPgzz,80,10
grwRxNPgzz,81,0
grwRxNPgzz,82,4
grwRxNPgzz,83,8
grwRxNPgzz,84,5
grwRxNPgzz,85,3
grwRxNPgzz,86,0
grwRxNPgzz,87,4
grwRxNPgzz,88,2
grwRxNPgzz,89,0
grwRxNPgzz,90,2
grwRxNPgzz,91,2
grwRxNPgzz,92,10
grwRxNPgzz,93,5
grwRxNPgzz,94,10
grwRxNPgzz,95,1
grwRxNPgzz,96,10
grwRxNPgzz,97,2
grwRxNPgzz,98,10
grwRxNPgzz,99,7
grwRxNPgzz,100,9
grwlxnXBfo,1,10
grwlxnXBfo,2,5
grwlxnXBfo,3,10
grwlxnXBfo,4,3
grwlxnXBfo,5,1
grwlxnXBfo,6,6
grwlxnXBfo,7,10
grwlxnXBfo,8,0
grwlxnXBfo,9,1
grwlxnXBfo,10,3
grwlxnXBfo,11,0
grwlxnXBfo,12,7
grwlxnXBfo,13,10
grwlxnXBfo,14,1
grwlxnXBfo,15,8
grwlxnXBfo,16,1
grwlxnXBfo,17,9
grwlxnXBfo,18,1
grwlxnXBfo,19,10
grwlxnXBfo,20,6
grwlxnXBfo,21,6
grwlxnXBfo,22,3
grwlxnXBfo,23,3
grwlxnXBfo,24,5
grwlxnXBfo,25,10
grwlxnXBfo,26,1
grwlxnXBfo,27,9
grwlxnXBfo,28,8
grwlxnXBfo,29,0
grwlxnXBfo,30,10
grwlxnXBfo,31,5
grwlxnXBfo,32,1
grwlxnXBfo,33,1
grwlxnXBfo,34,10
grwlxnXBfo,35,5
grwlxnXBfo,36,0
grwlxnXBfo,37,4
grwlxnXBfo,38,0
grwlxnXBfo,39,2
grwlxnXBfo,40,3
grwlxnXBfo,41,3
grwlxnXBfo,42,10
grwlxnXBfo,43,6
grwlxnXBfo,44,4
grwlxnXBfo,45,4
grwlxnXBfo,46,7
grwlxnXBfo,47,10
grwlxnXBfo,48,1
grwlxnXBfo,49,6
grwlxnXBfo,50,3
grwlxnXBfo,51,2
grwlxnXBfo,52,7
grwlxnXBfo,53,2
grwlxnXBfo,54,9
grwlxnXBfo,55,10
grwlxnXBfo,56,2
grwlxnXBfo,57,10
grwlxnXBfo,58,3
grwlxnXBfo,59,4
grwlxnXBfo,60,10
grwlxnXBfo,61,9
grwlxnXBfo,62,7
grwlxnXBfo,63,10
grwlxnXBfo,64,1
grwlxnXBfo,65,10
grwlxnXBfo,66,0
grwlxnXBfo,67,2
grwlxnXBfo,68,3
grwlxnXBfo,69,1
grwlxnXBfo,70,2
grwlxnXBfo,71,4
grwlxnXBfo,72,10
grwlxnXBfo,73,3
grwlxnXBfo,74,7
grwlxnXBfo,75,4
grwlxnXBfo,76,5
grwlxnXBfo,77,2
grwlxnXBfo,78,10
grwlxnXBfo,79,2
grwlxnXBfo,80,10
grwlxnXBfo,81,2
grwlxnXBfo,82,8
grwlxnXBfo,83,2
grwlxnXBfo,84,1
grwlxnXBfo,85,6
grwlxnXBfo,86,4
grwlxnXBfo,87,0
grwlxnXBfo,88,1
grwlxnXBfo,89,2
grwlxnXBfo,90,10
grwlxnXBfo,91,5
grwlxnXBfo,92,4
grwlxnXBfo,93,1
grwlxnXBfo,94,10
grwlxnXBfo,95,10
grwlxnXBfo,96,10
grwlxnXBfo,97,5
grwlxnXBfo,98,0
grwlxnXBfo,99,2
grwlxnXBfo,100,8
grzWcpVqbe,1,2
grzWcpVqbe,2,5
grzWcpVqbe,3,1
grzWcpVqbe,4,10
grzWcpVqbe,5,1
grzWcpVqbe,6,2
grzWcpVqbe,7,10
grzWcpVqbe,8,2
grzWcpVqbe,9,1
grzWcpVqbe,10,1
grzWcpVqbe,11,0
grzWcpVqbe,12,2
grzWcpVqbe,13,2
grzWcpVqbe,14,1
grzWcpVqbe,15,0
grzWcpVqbe,16,10
grzWcpVqbe,17,10
grzWcpVqbe,18,6
grzWcpVqbe,19,2
grzWcpVqbe,20,1
grzWcpVqbe,21,10
grzWcpVqbe,22,4
grzWcpVqbe,23,3
grzWcpVqbe,24,5
grzWcpVqbe,25,5
grzWcpVqbe,26,3
grzWcpVqbe,27,7
grzWcpVqbe,28,10
grzWcpVqbe,29,0
grzWcpVqbe,30,7
grzWcpVqbe,31,0
grzWcpVqbe,32,5
grzWcpVqbe,33,8
grzWcpVqbe,34,2
grzWcpVqbe,35,8
grzWcpVqbe,36,1
grzWcpVqbe,37,10
grzWcpVqbe,38,10
grzWcpVqbe,39,2
grzWcpVqbe,40,2
grzWcpVqbe,41,9
grzWcpVqbe,42,4
grzWcpVqbe,43,10
grzWcpVqbe,44,10
grzWcpVqbe,45,10
grzWcpVqbe,46,1
grzWcpVqbe,47,5
grzWcpVqbe,48,10
grzWcpVqbe,49,9
grzWcpVqbe,50,10
grzWcpVqbe,51,5
grzWcpVqbe,52,1
grzWcpVqbe,53,6
grzWcpVqbe,54,9
grzWcpVqbe,55,3
grzWcpVqbe,56,4
grzWcpVqbe,57,3
grzWcpVqbe,58,10
grzWcpVqbe,59,4
grzWcpVqbe,60,3
grzWcpVqbe,61,7
grzWcpVqbe,62,2
grzWcpVqbe,63,9
grzWcpVqbe,64,1
grzWcpVqbe,65,1
grzWcpVqbe,66,1
grzWcpVqbe,67,10
grzWcpVqbe,68,3
grzWcpVqbe,69,10
grzWcpVqbe,70,10
grzWcpVqbe,71,0
grzWcpVqbe,72,3
grzWcpVqbe,73,3
grzWcpVqbe,74,2
grzWcpVqbe,75,7
grzWcpVqbe,76,8
grzWcpVqbe,77,5
grzWcpVqbe,78,6
grzWcpVqbe,79,3
grzWcpVqbe,80,10
grzWcpVqbe,81,4
grzWcpVqbe,82,0
grzWcpVqbe,83,6
grzWcpVqbe,84,10
grzWcpVqbe,85,10
grzWcpVqbe,86,4
grzWcpVqbe,87,1
grzWcpVqbe,88,1
grzWcpVqbe,89,2
grzWcpVqbe,90,10
grzWcpVqbe,91,0
grzWcpVqbe,92,4
grzWcpVqbe,93,0
grzWcpVqbe,94,10
grzWcpVqbe,95,8
grzWcpVqbe,96,6
grzWcpVqbe,97,6
grzWcpVqbe,98,7
grzWcpVqbe,99,4
grzWcpVqbe,100,3
nlydqfpQqj,1,4
nlydqfpQqj,2,6
nlydqfpQqj,3,5
nlydqfpQqj,4,5
nlydqfpQqj,5,6
nlydqfpQqj,6,1
nlydqfpQqj,7,4
nlydqfpQqj,8,7
nlydqfpQqj,9,8
nlydqfpQqj,10,3
nlydqfpQqj,11,4
nlydqfpQqj,12,5
nlydqfpQqj,13,6
nlydqfpQqj,14,4
nlydqfpQqj,15,5
nlydqfpQqj,16,2
nlydqfpQqj,17,5
nlydqfpQqj,18,5
nlydqfpQqj,19,6
nlydqfpQqj,20,4
nlydqfpQqj,21,5
nlydqfpQqj,22,3
nlydqfpQqj,23,8
nlydqfpQqj,24,2
nlydqfpQqj,25,8
nlydqfpQqj,26,2
nlydqfpQqj,27,4
nlydqfpQqj,28,3
nlydqfpQqj,29,4
nlydqfpQqj,30,6
nlydqfpQqj,31,7
nlydqfpQqj,32,6
nlydqfpQqj,33,3
nlydqfpQqj,34,6
nlydqfpQqj,35,7
nlydqfpQqj,36,8
nlydqfpQqj,37,4
nlydqfpQqj,38,4
nlydqfpQqj,39,0
nlydqfpQqj,40,3
nlydqfpQqj,41,4
nlydqfpQqj,42,5
nlydqfpQqj,43,6
nlydqfpQqj,44,5
nlydqfpQqj,45,5
nlydqfpQqj,46,7
nlydqfpQqj,47,5
nlydqfpQqj,48,8
nlydqfpQqj,49,5
nlydqfpQqj,50,3
nlydqfpQqj,51,6
nlydqfpQqj,52,9
nlydqfpQqj,53,7
nlydqfpQqj,54,4
nlydqfpQqj,55,2
nlydqfpQqj,56,7
nlydqfpQqj,57,6
nlydqfpQqj,58,6
nlydqfpQqj,59,6
nlydqfpQqj,60,1
nlydqfpQqj,61,7
nlydqfpQqj,62,5
nlydqfpQqj,63,5
nlydqfpQqj,64,3
nlydqfpQqj,65,6
nlydqfpQqj,66,2
nlydqfpQqj,67,4
nlydqfpQqj,68,10
nlydqfpQqj,69,4
nlydqfpQqj,70,2
nlydqfpQqj,71,5
nlydqfpQqj,72,7
nlydqfpQqj,73,7
nlydqfpQqj,74,7
nlydqfpQqj,75,6
nlydqfpQqj,76,6
nlydqfpQqj,77,6
nlydqfpQqj,78,5
nlydqfpQqj,79,6
nlydqfpQqj,80,7
nlydqfpQqj,81,1
nlydqfpQqj,82,3
nlydqfpQqj,83,2
nlydqfpQqj,84,8
nlydqfpQqj,85,7
nlydqfpQqj,86,8
nlydqfpQqj,87,3
nlydqfpQqj,88,6
nlydqfpQqj,89,3
nlydqfpQqj,90,4
nlydqfpQqj,91,9
nlydqfpQqj,92,5
nlydqfpQqj,93,3
nlydqfpQqj,94,4
nlydqfpQqj,95,5
nlydqfpQqj,96,4
nlydqfpQqj,97,5
nlydqfpQqj,98,5
nlydqfpQqj,99,4
nlydqfpQqj,100,4
test,1,4
test,2,2
test,3,5
test,4,2
test,5,8
test,6,1
test,7,5
test,8,8
test,9,2
test,10,5
test,11,2
test,12,7
test,13,9
test,14,9
test,15,5
test,16,1
test,17,8
test,18,3
test,19,8
test,20,5
test,21,4
test,22,8
test,23,1
test,24,8
test,25,4
test,26,3
test,27,8
test,28,2
test,29,3
test,30,2
test,31,9
test,32,5
test,33,5
test,34,1
test,35,3
test,36,3
test,37,2
test,38,8
test,39,8
test,40,2
test,41,3
test,42,9
test,43,1
test,44,5
test,45,6
test,46,7
test,47,6
test,48,2
test,49,6
test,50,4
test,51,8
test,52,7
test,53,3
test,54,7
test,55,2
test,56,7
test,57,2
test,58,7
test,59,9
test,60,2
test,61,1
test,62,3
test,63,1
test,64,1
test,65,5
test,66,8
test,67,5
test,68,9
test,69,1
test,70,9
test,71,3
test,72,5
test,73,1
test,74,1
test,75,6
test,76,1
test,77,2
test,78,7
test,79,5
test,80,8
test,81,2
test,82,8
test,83,3
test,84,5
test,85,6
test,86,5
test,87,2
test,88,5
test,89,3
test,90,6
test,91,4
test,92,9
test,93,5
test,94,7
test,95,5
test,96,9
test,97,3
test,98,2
test,99,1
test,100,8
umERWOfScv,1,2
umERWOfScv,2,1
umERWOfScv,3,9
umERWOfScv,4,8
umERWOfScv,5,5
umERWOfScv,6,3
umERWOfScv,7,7
umERWOfScv,8,10
umERWOfScv,9,9
umERWOfScv,10,0
umERWOfScv,11,4
umERWOfScv,12,7
umERWOfScv,13,9
umERWOfScv,14,5
umERWOfScv,15,4
umERWOfScv,16,1
umERWOfScv,17,4
umERWOfScv,18,4
umERWOfScv,19,10
umERWOfScv,20,0
umERWOfScv,21,6
umERWOfScv,22,8
umERWOfScv,23,3
umERWOfScv,24,5
umERWOfScv,25,1
umERWOfScv,26,2
umERWOfScv,27,3
umERWOfScv,28,6
umERWOfScv,29,7
umERWOfScv,30,8
umERWOfScv,31,10
umERWOfScv,32,10
umERWOfScv,33,3
umERWOfScv,34,0
umERWOfScv,35,9
umERWOfScv,36,2
umERWOfScv,37,0
umERWOfScv,38,7
umERWOfScv,39,3
umERWOfScv,40,1
umERWOfScv,41,10
umERWOfScv,42,8
umERWOfScv,43,6
umERWOfScv,44,7
umERWOfScv,45,2
umERWOfScv,46,8
umERWOfScv,47,0
umERWOfScv,48,9
umERWOfScv,49,8
umERWOfScv,50,1
umERWOfScv,51,0
umERWOfScv,52,4
umERWOfScv,53,4
umERWOfScv,54,9
umERWOfScv,55,7
umERWOfScv,56,6
umERWOfScv,57,10
umERWOfScv,58,7
umERWOfScv,59,10
umERWOfScv,60,8
umERWOfScv,61,3
umERWOfScv,62,0
umERWOfScv,63,5
umERWOfScv,64,2
umERWOfScv,65,6
umERWOfScv,66,1
umERWOfScv,67,1
umERWOfScv,68,2
umERWOfScv,69,9
umERWOfScv,70,5
umERWOfScv,71,2
umERWOfScv,72,3
umERWOfScv,73,10
umERWOfScv,74,6
umERWOfScv,75,1
umERWOfScv,76,4
umERWOfScv,77,6
umERWOfScv,78,2
umERWOfScv,79,6
umERWOfScv,80,5
umERWOfScv,81,4
umERWOfScv,82,8
umERWOfScv,83,9
umERWOfScv,84,3
umERWOfScv,85,7
umERWOfScv,86,8
umERWOfScv,87,0
umERWOfScv,88,6
umERWOfScv,89,10
umERWOfScv,90,0
umERWOfScv,91,2
umERWOfScv,92,5
umERWOfScv,93,4
umERWOfScv,94,5
umERWOfScv,95,1
umERWOfScv,96,5
umERWOfScv,97,7
umERWOfScv,98,9
umERWOfScv,99,3
umERWOfScv,100,5
umEfMnMzik,1,1
umEfMnMzik,2,1
umEfMnMzik,3,7
umEfMnMzik,4,2
umEfMnMzik,5,3
umEfMnMzik,6,1
umEfMnMzik,7,4
umEfMnMzik,8,7
umEfMnMzik,9,3
umEfMnMzik,10,6
umEfMnMzik,11,7
umEfMnMzik,12,2
umEfMnMzik,13,0
umEfMnMzik,14,2
umEfMnMzik,15,8
umEfMnMzik,16,0
umEfMnMzik,17,8
umEfMnMzik,18,4
umEfMnMzik,19,7
umEfMnMzik,20,10
umEfMnMzik,21,8
umEfMnMzik,22,6
umEfMnMzik,23,3
umEfMnMzik,24,6
umEfMnMzik,25,3
umEfMnMzik,26,10
umEfMnMzik,27,5
umEfMnMzik,28,8
umEfMnMzik,29,5
umEfMnMzik,30,0
umEfMnMzik,31,7
umEfMnMzik,32,9
umEfMnMzik,33,9
umEfMnMzik,34,2
umEfMnMzik,35,6
umEfMnMzik,36,1
umEfMnMzik,37,10
umEfMnMzik,38,0
umEfMnMzik,39,2
umEfMnMzik,40,5
umEfMnMzik,41,0
umEfMnMzik,42,0
umEfMnMzik,43,4
umEfMnMzik,44,9
umEfMnMzik,45,9
umEfMnMzik,46,7
umEfMnMzik,47,5
umEfMnMzik,48,7
umEfMnMzik,49,2
umEfMnMzik,50,2
umEfMnMzik,51,3
umEfMnMzik,52,4
umEfMnMzik,53,3
umEfMnMzik,54,9
umEfMnMzik,55,2
umEfMnMzik,56,10
umEfMnMzik,57,1
umEfMnMzik,58,5
umEfMnMzik,59,4
umEfMnMzik,60,6
umEfMnMzik,61,0
umEfMnMzik,62,4
umEfMnMzik,63,9
umEfMnMzik,64,4
umEfMnMzik,65,9
umEfMnMzik,66,1
umEfMnMzik,67,10
umEfMnMzik,68,6
umEfMnMzik,69,5
umEfMnMzik,70,0
umEfMnMzik,71,7
umEfMnMzik,72,5
umEfMnMzik,73,10
umEfMnMzik,74,3
umEfMnMzik,75,6
umEfMnMzik,76,6
umEfMnMzik,77,9
umEfMnMzik,78,5
umEfMnMzik,79,1
umEfMnMzik,80,7
umEfMnMzik,81,4
umEfMnMzik,82,6
umEfMnMzik,83,9
umEfMnMzik,84,10
umEfMnMzik,85,1
umEfMnMzik,86,4
umEfMnMzik,87,10
umEfMnMzik,88,2
umEfMnMzik,89,1
umEfMnMzik,90,8
umEfMnMzik,91,3
umEfMnMzik,92,0
umEfMnMzik,93,3
umEfMnMzik,94,8
umEfMnMzik,95,8
umEfMnMzik,96,8
umEfMnMzik,97,5
umEfMnMzik,98,5
umEfMnMzik,99,8
umEfMnMzik,100,10
umHEqLJCWX,1,0
umHEqLJCWX,2,4
umHEqLJCWX,3,4
umHEqLJCWX,4,4
umHEqLJCWX,5,4
umHEqLJCWX,6,1
umHEqLJCWX,7,7
umHEqLJCWX,8,1
umHEqLJCWX,9,1
umHEqLJCWX,10,2
umHEqLJCWX,11,5
umHEqLJCWX,12,6
umHEqLJCWX,13,5
umHEqLJCWX,14,2
umHEqLJCWX,15,7
umHEqLJCWX,16,8
umHEqLJCWX,17,4
umHEqLJCWX,18,5
umHEqLJCWX,19,6
umHEqLJCWX,20,6
umHEqLJCWX,21,3
umHEqLJCWX,22,2
umHEqLJCWX,23,3
umHEqLJCWX,24,1
umHEqLJCWX,25,10
umHEqLJCWX,26,10
umHEqLJCWX,27,5
umHEqLJCWX,28,0
umHEqLJCWX,29,8
umHEqLJCWX,30,7
umHEqLJCWX,31,3
umHEqLJCWX,32,2
umHEqLJCWX,33,2
umHEqLJCWX,34,1
umHEqLJCWX,35,7
umHEqLJCWX,36,3
umHEqLJCWX,37,4
umHEqLJCWX,38,0
umHEqLJCWX,39,9
umHEqLJCWX,40,5
umHEqLJCWX,41,0
umHEqLJCWX,42,0
umHEqLJCWX,43,1
umHEqLJCWX,44,9
umHEqLJCWX,45,5
umHEqLJCWX,46,5
umHEqLJCWX,47,9
umHEqLJCWX,48,9
umHEqLJCWX,49,9
umHEqLJCWX,50,5
umHEqLJCWX,51,7
umHEqLJCWX,52,8
umHEqLJCWX,53,2
umHEqLJCWX,54,0
umHEqLJCWX,55,10
umHEqLJCWX,56,2
umHEqLJCWX,57,6
umHEqLJCWX,58,8
umHEqLJCWX,59,4
umHEqLJCWX,60,3
umHEqLJCWX,61,0
umHEqLJCWX,62,3
umHEqLJCWX,63,3
umHEqLJCWX,64,8
umHEqLJCWX,65,9
umHEqLJCWX,66,10
umHEqLJCWX,67,10
umHEqLJCWX,68,6
umHEqLJCWX,69,2
umHEqLJCWX,70,0
umHEqLJCWX,71,7
umHEqLJCWX,72,7
umHEqLJCWX,73,8
umHEqLJCWX,74,1
umHEqLJCWX,75,9
umHEqLJCWX,76,1
umHEqLJCWX,77,10
umHEqLJCWX,78,2
umHEqLJCWX,79,7
umHEqLJCWX,80,10
umHEqLJCWX,81,3
umHEqLJCWX,82,6
umHEqLJCWX,83,8
umHEqLJCWX,84,8
umHEqLJCWX,85,9
umHEqLJCWX,86,9
umHEqLJCWX,87,6
umHEqLJCWX,88,7
umHEqLJCWX,89,0
umHEqLJCWX,90,5
umHEqLJCWX,91,5
umHEqLJCWX,92,8
umHEqLJCWX,93,6
umHEqLJCWX,94,6
umHEqLJCWX,95,3
umHEqLJCWX,96,1
umHEqLJCWX,97,10
umHEqLJCWX,98,10
umHEqLJCWX,99,4
umHEqLJCWX,100,4
umJnpIqaVx,1,5
umJnpIqaVx,2,3
umJnpIqaVx,3,3
umJnpIqaVx,4,10
umJnpIqaVx,5,6
umJnpIqaVx,6,1
umJnpIqaVx,7,8
umJnpIqaVx,8,7
umJnpIqaVx,9,4
umJnpIqaVx,10,1
umJnpIqaVx,11,1
umJnpIqaVx,12,5
umJnpIqaVx,13,0
umJnpIqaVx,14,2
umJnpIqaVx,15,2
umJnpIqaVx,16,10
umJnpIqaVx,17,6
umJnpIqaVx,18,0
umJnpIqaVx,19,7
umJnpIqaVx,20,5
umJnpIqaVx,21,0
umJnpIqaVx,22,7
umJnpIqaVx,23,4
umJnpIqaVx,24,8
umJnpIqaVx,25,2
umJnpIqaVx,26,0
umJnpIqaVx,27,9
umJnpIqaVx,28,9
umJnpIqaVx,29,1
umJnpIqaVx,30,5
umJnpIqaVx,31,6
umJnpIqaVx,32,6
umJnpIqaVx,33,0
umJnpIqaVx,34,1
umJnpIqaVx,35,8
umJnpIqaVx,36,5
umJnpIqaVx,37,3
umJnpIqaVx,38,4
umJnpIqaVx,39,10
umJnpIqaVx,40,3
umJnpIqaVx,41,7
umJnpIqaVx,42,8
umJnpIqaVx,43,4
umJnpIqaVx,44,6
umJnpIqaVx,45,10
umJnpIqaVx,46,4
umJnpIqaVx,47,5
umJnpIqaVx,48,1
umJnpIqaVx,49,9
umJnpIqaVx,50,8
umJnpIqaVx,51,3
umJnpIqaVx,52,10
umJnpIqaVx,53,2
umJnpIqaVx,54,1
umJnpIqaVx,55,4
umJnpIqaVx,56,10
umJnpIqaVx,57,1
umJnpIqaVx,58,6
umJnpIqaVx,59,8
umJnpIqaVx,60,0
umJnpIqaVx,61,6
umJnpIqaVx,62,7
umJnpIqaVx,63,5
umJnpIqaVx,64,9
umJnpIqaVx,65,0
umJnpIqaVx,66,9
umJnpIqaVx,67,2
umJnpIqaVx,68,3
umJnpIqaVx,69,9
umJnpIqaVx,70,7
umJnpIqaVx,71,7
umJnpIqaVx,72,1
umJnpIqaVx,73,5
umJnpIqaVx,74,10
umJnpIqaVx,75,0
umJnpIqaVx,76,4
umJnpIqaVx,77,5
umJnpIqaVx,78,8
umJnpIqaVx,79,2
umJnpIqaVx,80,6
umJnpIqaVx,81,2
umJnpIqaVx,82,3
umJnpIqaVx,83,3
umJnpIqaVx,84,10
umJnpIqaVx,85,3
umJnpIqaVx,86,10
umJnpIqaVx,87,8
umJnpIqaVx,88,6
umJnpIqaVx,89,9
umJnpIqaVx,90,7
umJnpIqaVx,91,4
umJnpIqaVx,92,8
umJnpIqaVx,93,4
umJnpIqaVx,94,9
umJnpIqaVx,95,0
umJnpIqaVx,96,2
umJnpIqaVx,97,9
umJnpIqaVx,98,7
umJnpIqaVx,99,5
umJnpIqaVx,100,2
umNguMZIRi,1,4
umNguMZIRi,2,6
umNguMZIRi,3,9
umNguMZIRi,4,10
umNguMZIRi,5,1
umNguMZIRi,6,5
umNguMZIRi,7,7
umNguMZIRi,8,5
umNguMZIRi,9,7
umNguMZIRi,10,6
umNguMZIRi,11,0
umNguMZIRi,12,0
umNguMZIRi,13,6
umNguMZIRi,14,7
umNguMZIRi,15,6
umNguMZIRi,16,6
umNguMZIRi,17,10
umNguMZIRi,18,4
umNguMZIRi,19,0
umNguMZIRi,20,8
umNguMZIRi,21,10
umNguMZIRi,22,8
umNguMZIRi,23,3
umNguMZIRi,24,9
umNguMZIRi,25,0
umNguMZIRi,26,1
umNguMZIRi,27,2
umNguMZIRi,28,2
umNguMZIRi,29,3
umNguMZIRi,30,2
umNguMZIRi,31,4
umNguMZIRi,32,8
umNguMZIRi,33,1
umNguMZIRi,34,10
umNguMZIRi,35,1
umNguMZIRi,36,4
umNguMZIRi,37,5
umNguMZIRi,38,9
umNguMZIRi,39,9
umNguMZIRi,40,3
umNguMZIRi,41,5
umNguMZIRi,42,9
umNguMZIRi,43,5
umNguMZIRi,44,10
umNguMZIRi,45,7
umNguMZIRi,46,8
umNguMZIRi,47,2
umNguMZIRi,48,0
umNguMZIRi,49,2
umNguMZIRi,50,3
umNguMZIRi,51,8
umNguMZIRi,52,1
umNguMZIRi,53,9
umNguMZIRi,54,4
umNguMZIRi,55,5
umNguMZIRi,56,6
umNguMZIRi,57,7
umNguMZIRi,58,2
umNguMZIRi,59,7
umNguMZIRi,60,10
umNguMZIRi,61,10
umNguMZIRi,62,1
umNguMZIRi,63,4
umNguMZIRi,64,1
umNguMZIRi,65,0
umNguMZIRi,66,10
umNguMZIRi,67,7
umNguMZIRi,68,7
umNguMZIRi,69,6
umNguMZIRi,70,4
umNguMZIRi,71,1
umNguMZIRi,72,2
umNguMZIRi,73,2
umNguMZIRi,74,8
umNguMZIRi,75,8
umNguMZIRi,76,1
umNguMZIRi,77,9
umNguMZIRi,78,8
umNguMZIRi,79,0
umNguMZIRi,80,3
umNguMZIRi,81,7
umNguMZIRi,82,10
umNguMZIRi,83,5
umNguMZIRi,84,3
umNguMZIRi,85,6
umNguMZIRi,86,4
umNguMZIRi,87,0
umNguMZIRi,88,4
umNguMZIRi,89,2
umNguMZIRi,90,3
umNguMZIRi,91,3
umNguMZIRi,92,5
umNguMZIRi,93,0
umNguMZIRi,94,9
umNguMZIRi,95,6
umNguMZIRi,96,5
umNguMZIRi,97,3
umNguMZIRi,98,9
umNguMZIRi,99,8
umNguMZIRi,100,5
umOCHcwLmY,1,1
umOCHcwLmY,2,10
umOCHcwLmY,3,2
umOCHcwLmY,4,9
umOCHcwLmY,5,0
umOCHcwLmY,6,4
umOCHcwLmY,7,0
umOCHcwLmY,8,4
umOCHcwLmY,9,3
umOCHcwLmY,10,4
umOCHcwLmY,11,10
umOCHcwLmY,12,3
umOCHcwLmY,13,0
umOCHcwLmY,14,4
umOCHcwLmY,15,7
umOCHcwLmY,16,6
umOCHcwLmY,17,4
umOCHcwLmY,18,5
umOCHcwLmY,19,2
umOCHcwLmY,20,5
umOCHcwLmY,21,6
umOCHcwLmY,22,10
umOCHcwLmY,23,8
umOCHcwLmY,24,1
umOCHcwLmY,25,7
umOCHcwLmY,26,0
umOCHcwLmY,27,10
umOCHcwLmY,28,9
umOCHcwLmY,29,7
umOCHcwLmY,30,7
umOCHcwLmY,31,6
umOCHcwLmY,32,1
umOCHcwLmY,33,2
umOCHcwLmY,34,9
umOCHcwLmY,35,0
umOCHcwLmY,36,7
umOCHcwLmY,37,3
umOCHcwLmY,38,6
umOCHcwLmY,39,10
umOCHcwLmY,40,10
umOCHcwLmY,41,6
umOCHcwLmY,42,7
umOCHcwLmY,43,2
umOCHcwLmY,44,4
umOCHcwLmY,45,8
umOCHcwLmY,46,3
umOCHcwLmY,47,3
umOCHcwLmY,48,8
umOCHcwLmY,49,2
umOCHcwLmY,50,0
umOCHcwLmY,51,8
umOCHcwLmY,52,6
umOCHcwLmY,53,5
umOCHcwLmY,54,5
umOCHcwLmY,55,5
umOCHcwLmY,56,0
umOCHcwLmY,57,2
umOCHcwLmY,58,4
umOCHcwLmY,59,0
umOCHcwLmY,60,4
umOCHcwLmY,61,9
umOCHcwLmY,62,10
umOCHcwLmY,63,6
umOCHcwLmY,64,1
umOCHcwLmY,65,0
umOCHcwLmY,66,10
umOCHcwLmY,67,3
umOCHcwLmY,68,9
umOCHcwLmY,69,3
umOCHcwLmY,70,1
umOCHcwLmY,71,5
umOCHcwLmY,72,5
umOCHcwLmY,73,8
umOCHcwLmY,74,9
umOCHcwLmY,75,7
umOCHcwLmY,76,5
umOCHcwLmY,77,4
umOCHcwLmY,78,8
umOCHcwLmY,79,6
umOCHcwLmY,80,9
umOCHcwLmY,81,1
umOCHcwLmY,82,3
umOCHcwLmY,83,6
umOCHcwLmY,84,5
umOCHcwLmY,85,2
umOCHcwLmY,86,7
umOCHcwLmY,87,8
umOCHcwLmY,88,1
umOCHcwLmY,89,1
umOCHcwLmY,90,9
umOCHcwLmY,91,10
umOCHcwLmY,92,9
umOCHcwLmY,93,2
umOCHcwLmY,94,8
umOCHcwLmY,95,1
umOCHcwLmY,96,5
umOCHcwLmY,97,7
umOCHcwLmY,98,3
umOCHcwLmY,99,2
umOCHcwLmY,100,8
umOSloeJkk,1,0
umOSloeJkk,2,1
umOSloeJkk,3,9
umOSloeJkk,4,3
umOSloeJkk,5,6
umOSloeJkk,6,1
umOSloeJkk,7,8
umOSloeJkk,8,8
umOSloeJkk,9,9
umOSloeJkk,10,9
umOSloeJkk,11,5
umOSloeJkk,12,2
umOSloeJkk,13,7
umOSloeJkk,14,1
umOSloeJkk,15,4
umOSloeJkk,16,4
umOSloeJkk,17,2
umOSloeJkk,18,4
umOSloeJkk,19,6
umOSloeJkk,20,0
umOSloeJkk,21,1
umOSloeJkk,22,6
umOSloeJkk,23,4
umOSloeJkk,24,5
umOSloeJkk,25,6
umOSloeJkk,26,2
umOSloeJkk,27,10
umOSloeJkk,28,10
umOSloeJkk,29,7
umOSloeJkk,30,0
umOSloeJkk,31,4
umOSloeJkk,32,10
umOSloeJkk,33,6
umOSloeJkk,34,0
umOSloeJkk,35,2
umOSloeJkk,36,6
umOSloeJkk,37,9
umOSloeJkk,38,4
umOSloeJkk,39,8
umOSloeJkk,40,3
umOSloeJkk,41,7
umOSloeJkk,42,5
umOSloeJkk,43,2
umOSloeJkk,44,3
umOSloeJkk,45,2
umOSloeJkk,46,8
umOSloeJkk,47,5
umOSloeJkk,48,5
umOSloeJkk,49,1
umOSloeJkk,50,6
umOSloeJkk,51,8
umOSloeJkk,52,3
umOSloeJkk,53,2
umOSloeJkk,54,7
umOSloeJkk,55,5
umOSloeJkk,56,8
umOSloeJkk,57,7
umOSloeJkk,58,0
umOSloeJkk,59,5
umOSloeJkk,60,1
umOSloeJkk,61,5
umOSloeJkk,62,9
umOSloeJkk,63,8
umOSloeJkk,64,2
umOSloeJkk,65,6
umOSloeJkk,66,7
umOSloeJkk,67,1
umOSloeJkk,68,8
umOSloeJkk,69,3
umOSloeJkk,70,1
umOSloeJkk,71,0
umOSloeJkk,72,0
umOSloeJkk,73,5
umOSloeJkk,74,9
umOSloeJkk,75,10
umOSloeJkk,76,9
umOSloeJkk,77,0
umOSloeJkk,78,10
umOSloeJkk,79,0
umOSloeJkk,80,7
umOSloeJkk,81,7
umOSloeJkk,82,6
umOSloeJkk,83,3
umOSloeJkk,84,10
umOSloeJkk,85,4
umOSloeJkk,86,7
umOSloeJkk,87,9
umOSloeJkk,88,2
umOSloeJkk,89,3
umOSloeJkk,90,9
umOSloeJkk,91,10
umOSloeJkk,92,10
umOSloeJkk,93,3
umOSloeJkk,94,8
umOSloeJkk,95,5
umOSloeJkk,96,4
umOSloeJkk,97,4
umOSloeJkk,98,3
umOSloeJkk,99,1
umOSloeJkk,100,10
umOsIXercW,1,4
umOsIXercW,2,2
umOsIXercW,3,0
umOsIXercW,4,6
umOsIXercW,5,9
umOsIXercW,6,8
umOsIXercW,7,8
umOsIXercW,8,0
umOsIXercW,9,3
umOsIXercW,10,0
umOsIXercW,11,3
umOsIXercW,12,3
umOsIXercW,13,6
umOsIXercW,14,9
umOsIXercW,15,6
umOsIXercW,16,10
umOsIXercW,17,3
umOsIXercW,18,10
umOsIXercW,19,5
umOsIXercW,20,2
umOsIXercW,21,10
umOsIXercW,22,2
umOsIXercW,23,5
umOsIXercW,24,0
umOsIXercW,25,2
umOsIXercW,26,7
umOsIXercW,27,3
umOsIXercW,28,0
umOsIXercW,29,6
umOsIXercW,30,10
umOsIXercW,31,1
umOsIXercW,32,9
umOsIXercW,33,3
umOsIXercW,34,8
umOsIXercW,35,7
umOsIXercW,36,8
umOsIXercW,37,10
umOsIXercW,38,8
umOsIXercW,39,5
umOsIXercW,40,9
umOsIXercW,41,10
umOsIXercW,42,2
umOsIXercW,43,7
umOsIXercW,44,6
umOsIXercW,45,6
umOsIXercW,46,5
umOsIXercW,47,1
umOsIXercW,48,1
umOsIXercW,49,0
umOsIXercW,50,7
umOsIXercW,51,7
umOsIXercW,52,4
umOsIXercW,53,9
umOsIXercW,54,8
umOsIXercW,55,1
umOsIXercW,56,8
umOsIXercW,57,2
umOsIXercW,58,0
umOsIXercW,59,2
umOsIXercW,60,4
umOsIXercW,61,9
umOsIXercW,62,7
umOsIXercW,63,1
umOsIXercW,64,9
umOsIXercW,65,10
umOsIXercW,66,4
umOsIXercW,67,1
umOsIXercW,68,6
umOsIXercW,69,3
umOsIXercW,70,3
umOsIXercW,71,6
umOsIXercW,72,5
umOsIXercW,73,5
umOsIXercW,74,10
umOsIXercW,75,10
umOsIXercW,76,4
umOsIXercW,77,7
umOsIXercW,78,4
umOsIXercW,79,5
umOsIXercW,80,7
umOsIXercW,81,8
umOsIXercW,82,5
umOsIXercW,83,1
umOsIXercW,84,4
umOsIXercW,85,8
umOsIXercW,86,5
umOsIXercW,87,1
umOsIXercW,88,0
umOsIXercW,89,9
umOsIXercW,90,2
umOsIXercW,91,6
umOsIXercW,92,2
umOsIXercW,93,7
umOsIXercW,94,1
umOsIXercW,95,9
umOsIXercW,96,0
umOsIXercW,97,4
umOsIXercW,98,4
umOsIXercW,99,3
umOsIXercW,100,5
umQISsIcWp,1,5
umQISsIcWp,2,1
umQISsIcWp,3,4
umQISsIcWp,4,4
umQISsIcWp,5,0
umQISsIcWp,6,1
umQISsIcWp,7,7
umQISsIcWp,8,7
umQISsIcWp,9,8
umQISsIcWp,10,7
umQISsIcWp,11,1
umQISsIcWp,12,8
umQISsIcWp,13,2
umQISsIcWp,14,5
umQISsIcWp,15,3
umQISsIcWp,16,3
umQISsIcWp,17,3
umQISsIcWp,18,7
umQISsIcWp,19,9
umQISsIcWp,20,9
umQISsIcWp,21,10
umQISsIcWp,22,3
umQISsIcWp,23,8
umQISsIcWp,24,4
umQISsIcWp,25,6
umQISsIcWp,26,10
umQISsIcWp,27,6
umQISsIcWp,28,3
umQISsIcWp,29,9
umQISsIcWp,30,9
umQISsIcWp,31,3
umQISsIcWp,32,0
umQISsIcWp,33,6
umQISsIcWp,34,5
umQISsIcWp,35,8
umQISsIcWp,36,4
umQISsIcWp,37,1
umQISsIcWp,38,5
umQISsIcWp,39,8
umQISsIcWp,40,0
umQISsIcWp,41,1
umQISsIcWp,42,4
umQISsIcWp,43,1
umQISsIcWp,44,2
umQISsIcWp,45,9
umQISsIcWp,46,2
umQISsIcWp,47,6
umQISsIcWp,48,2
umQISsIcWp,49,10
umQISsIcWp,50,6
umQISsIcWp,51,9
umQISsIcWp,52,2
umQISsIcWp,53,5
umQISsIcWp,54,2
umQISsIcWp,55,7
umQISsIcWp,56,8
umQISsIcWp,57,3
umQISsIcWp,58,4
umQISsIcWp,59,1
umQISsIcWp,60,8
umQISsIcWp,61,1
umQISsIcWp,62,7
umQISsIcWp,63,5
umQISsIcWp,64,2
umQISsIcWp,65,10
umQISsIcWp,66,8
umQISsIcWp,67,0
umQISsIcWp,68,0
umQISsIcWp,69,9
umQISsIcWp,70,5
umQISsIcWp,71,0
umQISsIcWp,72,6
umQISsIcWp,73,7
umQISsIcWp,74,9
umQISsIcWp,75,4
umQISsIcWp,76,2
umQISsIcWp,77,4
umQISsIcWp,78,7
umQISsIcWp,79,8
umQISsIcWp,80,9
umQISsIcWp,81,3
umQISsIcWp,82,6
umQISsIcWp,83,0
umQISsIcWp,84,7
umQISsIcWp,85,0
umQISsIcWp,86,3
umQISsIcWp,87,10
umQISsIcWp,88,6
umQISsIcWp,89,5
umQISsIcWp,90,10
umQISsIcWp,91,6
umQISsIcWp,92,5
umQISsIcWp,93,4
umQISsIcWp,94,1
umQISsIcWp,95,5
umQISsIcWp,96,2
umQISsIcWp,97,10
umQISsIcWp,98,10
umQISsIcWp,99,10
umQISsIcWp,100,0
umQOFXjzwp,1,8
umQOFXjzwp,2,1
umQOFXjzwp,3,5
umQOFXjzwp,4,2
umQOFXjzwp,5,10
umQOFXjzwp,6,8
umQOFXjzwp,7,5
umQOFXjzwp,8,3
umQOFXjzwp,9,1
umQOFXjzwp,10,6
umQOFXjzwp,11,5
umQOFXjzwp,12,0
umQOFXjzwp,13,10
umQOFXjzwp,14,3
umQOFXjzwp,15,5
umQOFXjzwp,16,6
umQOFXjzwp,17,10
umQOFXjzwp,18,8
umQOFXjzwp,19,1
umQOFXjzwp,20,4
umQOFXjzwp,21,3
umQOFXjzwp,22,7
umQOFXjzwp,23,5
umQOFXjzwp,24,7
umQOFXjzwp,25,3
umQOFXjzwp,26,0
umQOFXjzwp,27,0
umQOFXjzwp,28,0
umQOFXjzwp,29,9
umQOFXjzwp,30,10
umQOFXjzwp,31,1
umQOFXjzwp,32,5
umQOFXjzwp,33,10
umQOFXjzwp,34,4
umQOFXjzwp,35,7
umQOFXjzwp,36,2
umQOFXjzwp,37,8
umQOFXjzwp,38,7
umQOFXjzwp,39,1
umQOFXjzwp,40,10
umQOFXjzwp,41,1
umQOFXjzwp,42,1
umQOFXjzwp,43,9
umQOFXjzwp,44,3
umQOFXjzwp,45,9
umQOFXjzwp,46,1
umQOFXjzwp,47,5
umQOFXjzwp,48,2
umQOFXjzwp,49,3
umQOFXjzwp,50,8
umQOFXjzwp,51,1
umQOFXjzwp,52,4
umQOFXjzwp,53,7
umQOFXjzwp,54,6
umQOFXjzwp,55,4
umQOFXjzwp,56,10
umQOFXjzwp,57,0
umQOFXjzwp,58,2
umQOFXjzwp,59,10
umQOFXjzwp,60,9
umQOFXjzwp,61,5
umQOFXjzwp,62,3
umQOFXjzwp,63,4
umQOFXjzwp,64,4
umQOFXjzwp,65,7
umQOFXjzwp,66,5
umQOFXjzwp,67,9
umQOFXjzwp,68,2
umQOFXjzwp,69,6
umQOFXjzwp,70,9
umQOFXjzwp,71,6
umQOFXjzwp,72,0
umQOFXjzwp,73,4
umQOFXjzwp,74,7
umQOFXjzwp,75,9
umQOFXjzwp,76,2
umQOFXjzwp,77,6
umQOFXjzwp,78,0
umQOFXjzwp,79,7
umQOFXjzwp,80,2
umQOFXjzwp,81,3
umQOFXjzwp,82,8
umQOFXjzwp,83,4
umQOFXjzwp,84,5
umQOFXjzwp,85,9
umQOFXjzwp,86,2
umQOFXjzwp,87,6
umQOFXjzwp,88,3
umQOFXjzwp,89,10
umQOFXjzwp,90,0
umQOFXjzwp,91,8
umQOFXjzwp,92,8
umQOFXjzwp,93,6
umQOFXjzwp,94,7
umQOFXjzwp,95,6
umQOFXjzwp,96,0
umQOFXjzwp,97,8
umQOFXjzwp,98,4
umQOFXjzwp,99,9
umQOFXjzwp,100,2
umUAGoOjeu,1,3
umUAGoOjeu,2,6
umUAGoOjeu,3,10
umUAGoOjeu,4,6
umUAGoOjeu,5,6
umUAGoOjeu,6,1
umUAGoOjeu,7,0
umUAGoOjeu,8,3
umUAGoOjeu,9,0
umUAGoOjeu,10,7
umUAGoOjeu,11,0
umUAGoOjeu,12,10
umUAGoOjeu,13,8
umUAGoOjeu,14,5
umUAGoOjeu,15,9
umUAGoOjeu,16,5
umUAGoOjeu,17,3
umUAGoOjeu,18,3
umUAGoOjeu,19,3
umUAGoOjeu,20,4
umUAGoOjeu,21,8
umUAGoOjeu,22,8
umUAGoOjeu,23,7
umUAGoOjeu,24,1
umUAGoOjeu,25,1
umUAGoOjeu,26,0
umUAGoOjeu,27,5
umUAGoOjeu,28,9
umUAGoOjeu,29,7
umUAGoOjeu,30,5
umUAGoOjeu,31,1
umUAGoOjeu,32,7
umUAGoOjeu,33,5
umUAGoOjeu,34,2
umUAGoOjeu,35,2
umUAGoOjeu,36,9
umUAGoOjeu,37,6
umUAGoOjeu,38,4
umUAGoOjeu,39,7
umUAGoOjeu,40,6
umUAGoOjeu,41,6
umUAGoOjeu,42,5
umUAGoOjeu,43,8
umUAGoOjeu,44,4
umUAGoOjeu,45,6
umUAGoOjeu,46,3
umUAGoOjeu,47,9
umUAGoOjeu,48,10
umUAGoOjeu,49,4
umUAGoOjeu,50,3
umUAGoOjeu,51,7
umUAGoOjeu,52,2
umUAGoOjeu,53,2
umUAGoOjeu,54,4
umUAGoOjeu,55,4
umUAGoOjeu,56,0
umUAGoOjeu,57,8
umUAGoOjeu,58,5
umUAGoOjeu,59,2
umUAGoOjeu,60,5
umUAGoOjeu,61,1
umUAGoOjeu,62,8
umUAGoOjeu,63,0
umUAGoOjeu,64,2
umUAGoOjeu,65,8
umUAGoOjeu,66,9
umUAGoOjeu,67,3
umUAGoOjeu,68,4
umUAGoOjeu,69,7
umUAGoOjeu,70,4
umUAGoOjeu,71,1
umUAGoOjeu,72,9
umUAGoOjeu,73,7
umUAGoOjeu,74,10
umUAGoOjeu,75,2
umUAGoOjeu,76,9
umUAGoOjeu,77,6
umUAGoOjeu,78,1
umUAGoOjeu,79,2
umUAGoOjeu,80,9
umUAGoOjeu,81,9
umUAGoOjeu,82,8
umUAGoOjeu,83,0
umUAGoOjeu,84,7
umUAGoOjeu,85,10
umUAGoOjeu,86,10
umUAGoOjeu,87,8
umUAGoOjeu,88,5
umUAGoOjeu,89,10
umUAGoOjeu,90,10
umUAGoOjeu,91,3
umUAGoOjeu,92,2
umUAGoOjeu,93,1
umUAGoOjeu,94,6
umUAGoOjeu,95,0
umUAGoOjeu,96,1
umUAGoOjeu,97,0
umUAGoOjeu,98,5
umUAGoOjeu,99,4
umUAGoOjeu,100,10
umUYClvzGC,1,8
umUYClvzGC,2,6
umUYClvzGC,3,5
umUYClvzGC,4,5
umUYClvzGC,5,3
umUYClvzGC,6,7
umUYClvzGC,7,9
umUYClvzGC,8,5
umUYClvzGC,9,9
umUYClvzGC,10,8
umUYClvzGC,11,10
umUYClvzGC,12,10
umUYClvzGC,13,0
umUYClvzGC,14,10
umUYClvzGC,15,1
umUYClvzGC,16,2
umUYClvzGC,17,3
umUYClvzGC,18,4
umUYClvzGC,19,5
umUYClvzGC,20,6
umUYClvzGC,21,7
umUYClvzGC,22,9
umUYClvzGC,23,7
umUYClvzGC,24,4
umUYClvzGC,25,9
umUYClvzGC,26,6
umUYClvzGC,27,1
umUYClvzGC,28,4
umUYClvzGC,29,3
umUYClvzGC,30,7
umUYClvzGC,31,10
umUYClvzGC,32,1
umUYClvzGC,33,6
umUYClvzGC,34,9
umUYClvzGC,35,10
umUYClvzGC,36,0
umUYClvzGC,37,5
umUYClvzGC,38,0
umUYClvzGC,39,9
umUYClvzGC,40,7
umUYClvzGC,41,0
umUYClvzGC,42,3
umUYClvzGC,43,3
umUYClvzGC,44,10
umUYClvzGC,45,2
umUYClvzGC,46,0
umUYClvzGC,47,4
umUYClvzGC,48,10
umUYClvzGC,49,5
umUYClvzGC,50,4
umUYClvzGC,51,2
umUYClvzGC,52,1
umUYClvzGC,53,0
umUYClvzGC,54,6
umUYClvzGC,55,1
umUYClvzGC,56,8
umUYClvzGC,57,6
umUYClvzGC,58,7
umUYClvzGC,59,4
umUYClvzGC,60,10
umUYClvzGC,61,4
umUYClvzGC,62,1
umUYClvzGC,63,2
umUYClvzGC,64,8
umUYClvzGC,65,1
umUYClvzGC,66,9
umUYClvzGC,67,2
umUYClvzGC,68,8
umUYClvzGC,69,7
umUYClvzGC,70,6
umUYClvzGC,71,2
umUYClvzGC,72,10
umUYClvzGC,73,3
umUYClvzGC,74,0
umUYClvzGC,75,6
umUYClvzGC,76,3
umUYClvzGC,77,3
umUYClvzGC,78,7
umUYClvzGC,79,1
umUYClvzGC,80,9
umUYClvzGC,81,8
umUYClvzGC,82,4
umUYClvzGC,83,4
umUYClvzGC,84,1
umUYClvzGC,85,6
umUYClvzGC,86,5
umUYClvzGC,87,2
umUYClvzGC,88,8
umUYClvzGC,89,5
umUYClvzGC,90,7
umUYClvzGC,91,5
umUYClvzGC,92,9
umUYClvzGC,93,2
umUYClvzGC,94,0
umUYClvzGC,95,8
umUYClvzGC,96,8
umUYClvzGC,97,5
umUYClvzGC,98,3
umUYClvzGC,99,0
umUYClvzGC,100,2
umWBopcvZs,1,3
umWBopcvZs,2,0
umWBopcvZs,3,3
umWBopcvZs,4,9
umWBopcvZs,5,6
umWBopcvZs,6,5
umWBopcvZs,7,9
umWBopcvZs,8,8
umWBopcvZs,9,5
umWBopcvZs,10,3
umWBopcvZs,11,4
umWBopcvZs,12,4
umWBopcvZs,13,7
umWBopcvZs,14,5
umWBopcvZs,15,9
umWBopcvZs,16,4
umWBopcvZs,17,7
umWBopcvZs,18,0
umWBopcvZs,19,6
umWBopcvZs,20,5
umWBopcvZs,21,3
umWBopcvZs,22,2
umWBopcvZs,23,5
umWBopcvZs,24,5
umWBopcvZs,25,7
umWBopcvZs,26,8
umWBopcvZs,27,2
umWBopcvZs,28,1
umWBopcvZs,29,2
umWBopcvZs,30,8
umWBopcvZs,31,5
umWBopcvZs,32,2
umWBopcvZs,33,1
umWBopcvZs,34,3
umWBopcvZs,35,9
umWBopcvZs,36,0
umWBopcvZs,37,7
umWBopcvZs,38,2
umWBopcvZs,39,6
umWBopcvZs,40,8
umWBopcvZs,41,6
umWBopcvZs,42,4
umWBopcvZs,43,10
umWBopcvZs,44,4
umWBopcvZs,45,7
umWBopcvZs,46,3
umWBopcvZs,47,0
umWBopcvZs,48,3
umWBopcvZs,49,7
umWBopcvZs,50,4
umWBopcvZs,51,5
umWBopcvZs,52,1
umWBopcvZs,53,10
umWBopcvZs,54,3
umWBopcvZs,55,0
umWBopcvZs,56,10
umWBopcvZs,57,8
umWBopcvZs,58,9
umWBopcvZs,59,10
umWBopcvZs,60,6
umWBopcvZs,61,8
umWBopcvZs,62,1
umWBopcvZs,63,10
umWBopcvZs,64,4
umWBopcvZs,65,7
umWBopcvZs,66,2
umWBopcvZs,67,7
umWBopcvZs,68,6
umWBopcvZs,69,10
umWBopcvZs,70,6
umWBopcvZs,71,0
umWBopcvZs,72,0
umWBopcvZs,73,5
umWBopcvZs,74,0
umWBopcvZs,75,6
umWBopcvZs,76,0
umWBopcvZs,77,10
umWBopcvZs,78,10
umWBopcvZs,79,1
umWBopcvZs,80,10
umWBopcvZs,81,9
umWBopcvZs,82,7
umWBopcvZs,83,5
umWBopcvZs,84,3
umWBopcvZs,85,8
umWBopcvZs,86,1
umWBopcvZs,87,8
umWBopcvZs,88,9
umWBopcvZs,89,2
umWBopcvZs,90,6
umWBopcvZs,91,9
umWBopcvZs,92,2
umWBopcvZs,93,1
umWBopcvZs,94,4
umWBopcvZs,95,4
umWBopcvZs,96,9
umWBopcvZs,97,2
umWBopcvZs,98,8
umWBopcvZs,99,1
umWBopcvZs,100,1
umbsSJQUAm,1,4
umbsSJQUAm,2,2
umbsSJQUAm,3,5
umbsSJQUAm,4,2
umbsSJQUAm,5,4
umbsSJQUAm,6,1
umbsSJQUAm,7,10
umbsSJQUAm,8,2
umbsSJQUAm,9,4
umbsSJQUAm,10,9
umbsSJQUAm,11,8
umbsSJQUAm,12,2
umbsSJQUAm,13,4
umbsSJQUAm,14,10
umbsSJQUAm,15,6
umbsSJQUAm,16,3
umbsSJQUAm,17,1
umbsSJQUAm,18,5
umbsSJQUAm,19,2
umbsSJQUAm,20,1
umbsSJQUAm,21,9
umbsSJQUAm,22,0
umbsSJQUAm,23,3
umbsSJQUAm,24,6
umbsSJQUAm,25,8
umbsSJQUAm,26,8
umbsSJQUAm,27,2
umbsSJQUAm,28,3
umbsSJQUAm,29,0
umbsSJQUAm,30,6
umbsSJQUAm,31,0
umbsSJQUAm,32,10
umbsSJQUAm,33,5
umbsSJQUAm,34,4
umbsSJQUAm,35,1
umbsSJQUAm,36,8
umbsSJQUAm,37,1
umbsSJQUAm,38,7
umbsSJQUAm,39,6
umbsSJQUAm,40,9
umbsSJQUAm,41,4
umbsSJQUAm,42,9
umbsSJQUAm,43,4
umbsSJQUAm,44,3
umbsSJQUAm,45,6
umbsSJQUAm,46,5
umbsSJQUAm,47,7
umbsSJQUAm,48,5
umbsSJQUAm,49,3
umbsSJQUAm,50,1
umbsSJQUAm,51,6
umbsSJQUAm,52,8
umbsSJQUAm,53,9
umbsSJQUAm,54,8
umbsSJQUAm,55,5
umbsSJQUAm,56,0
umbsSJQUAm,57,8
umbsSJQUAm,58,0
umbsSJQUAm,59,8
umbsSJQUAm,60,10
umbsSJQUAm,61,6
umbsSJQUAm,62,0
umbsSJQUAm,63,0
umbsSJQUAm,64,9
umbsSJQUAm,65,7
umbsSJQUAm,66,8
umbsSJQUAm,67,5
umbsSJQUAm,68,10
umbsSJQUAm,69,0
umbsSJQUAm,70,1
umbsSJQUAm,71,10
umbsSJQUAm,72,10
umbsSJQUAm,73,7
umbsSJQUAm,74,6
umbsSJQUAm,75,3
umbsSJQUAm,76,10
umbsSJQUAm,77,4
umbsSJQUAm,78,6
umbsSJQUAm,79,2
umbsSJQUAm,80,5
umbsSJQUAm,81,9
umbsSJQUAm,82,5
umbsSJQUAm,83,1
umbsSJQUAm,84,9
umbsSJQUAm,85,3
umbsSJQUAm,86,2
umbsSJQUAm,87,3
umbsSJQUAm,88,2
umbsSJQUAm,89,4
umbsSJQUAm,90,7
umbsSJQUAm,91,7
umbsSJQUAm,92,7
umbsSJQUAm,93,1
umbsSJQUAm,94,10
umbsSJQUAm,95,5
umbsSJQUAm,96,7
umbsSJQUAm,97,7
umbsSJQUAm,98,9
umbsSJQUAm,99,3
umbsSJQUAm,100,0
umcnuiPObR,1,1
umcnuiPObR,2,1
umcnuiPObR,3,7
umcnuiPObR,4,8
umcnuiPObR,5,3
umcnuiPObR,6,9
umcnuiPObR,7,5
umcnuiPObR,8,9
umcnuiPObR,9,9
umcnuiPObR,10,5
umcnuiPObR,11,2
umcnuiPObR,12,3
umcnuiPObR,13,3
umcnuiPObR,14,0
umcnuiPObR,15,6
umcnuiPObR,16,10
umcnuiPObR,17,6
umcnuiPObR,18,4
umcnuiPObR,19,7
umcnuiPObR,20,10
umcnuiPObR,21,6
umcnuiPObR,22,3
umcnuiPObR,23,4
umcnuiPObR,24,0
umcnuiPObR,25,8
umcnuiPObR,26,5
umcnuiPObR,27,5
umcnuiPObR,28,7
umcnuiPObR,29,7
umcnuiPObR,30,9
umcnuiPObR,31,8
umcnuiPObR,32,4
umcnuiPObR,33,7
umcnuiPObR,34,2
umcnuiPObR,35,0
umcnuiPObR,36,8
umcnuiPObR,37,3
umcnuiPObR,38,5
umcnuiPObR,39,10
umcnuiPObR,40,0
umcnuiPObR,41,7
umcnuiPObR,42,4
umcnuiPObR,43,8
umcnuiPObR,44,0
umcnuiPObR,45,1
umcnuiPObR,46,8
umcnuiPObR,47,4
umcnuiPObR,48,3
umcnuiPObR,49,1
umcnuiPObR,50,10
umcnuiPObR,51,6
umcnuiPObR,52,5
umcnuiPObR,53,9
umcnuiPObR,54,8
umcnuiPObR,55,9
umcnuiPObR,56,6
umcnuiPObR,57,2
umcnuiPObR,58,4
umcnuiPObR,59,7
umcnuiPObR,60,4
umcnuiPObR,61,8
umcnuiPObR,62,6
umcnuiPObR,63,2
umcnuiPObR,64,10
umcnuiPObR,65,2
umcnuiPObR,66,5
umcnuiPObR,67,4
umcnuiPObR,68,0
umcnuiPObR,69,2
umcnuiPObR,70,10
umcnuiPObR,71,6
umcnuiPObR,72,1
umcnuiPObR,73,0
umcnuiPObR,74,3
umcnuiPObR,75,7
umcnuiPObR,76,1
umcnuiPObR,77,1
umcnuiPObR,78,6
umcnuiPObR,79,9
umcnuiPObR,80,5
umcnuiPObR,81,6
umcnuiPObR,82,10
umcnuiPObR,83,7
umcnuiPObR,84,8
umcnuiPObR,85,2
umcnuiPObR,86,2
umcnuiPObR,87,2
umcnuiPObR,88,10
umcnuiPObR,89,4
umcnuiPObR,90,9
umcnuiPObR,91,1
umcnuiPObR,92,3
umcnuiPObR,93,10
umcnuiPObR,94,5
umcnuiPObR,95,3
umcnuiPObR,96,5
umcnuiPObR,97,0
umcnuiPObR,98,9
umcnuiPObR,99,1
umcnuiPObR,100,0
umhlnwzBMr,1,1
umhlnwzBMr,2,1
umhlnwzBMr,3,5
umhlnwzBMr,4,1
umhlnwzBMr,5,5
umhlnwzBMr,6,4
umhlnwzBMr,7,7
umhlnwzBMr,8,3
umhlnwzBMr,9,8
umhlnwzBMr,10,0
umhlnwzBMr,11,9
umhlnwzBMr,12,4
umhlnwzBMr,13,3
umhlnwzBMr,14,0
umhlnwzBMr,15,3
umhlnwzBMr,16,2
umhlnwzBMr,17,5
umhlnwzBMr,18,1
umhlnwzBMr,19,2
umhlnwzBMr,20,3
umhlnwzBMr,21,1
umhlnwzBMr,22,3
umhlnwzBMr,23,6
umhlnwzBMr,24,2
umhlnwzBMr,25,7
umhlnwzBMr,26,1
umhlnwzBMr,27,5
umhlnwzBMr,28,0
umhlnwzBMr,29,0
umhlnwzBMr,30,4
umhlnwzBMr,31,10
umhlnwzBMr,32,8
umhlnwzBMr,33,5
umhlnwzBMr,34,4
umhlnwzBMr,35,1
umhlnwzBMr,36,2
umhlnwzBMr,37,5
umhlnwzBMr,38,10
umhlnwzBMr,39,6
umhlnwzBMr,40,6
umhlnwzBMr,41,10
umhlnwzBMr,42,4
umhlnwzBMr,43,8
umhlnwzBMr,44,3
umhlnwzBMr,45,6
umhlnwzBMr,46,6
umhlnwzBMr,47,8
umhlnwzBMr,48,5
umhlnwzBMr,49,8
umhlnwzBMr,50,2
umhlnwzBMr,51,8
umhlnwzBMr,52,10
umhlnwzBMr,53,0
umhlnwzBMr,54,8
umhlnwzBMr,55,1
umhlnwzBMr,56,7
umhlnwzBMr,57,9
umhlnwzBMr,58,3
umhlnwzBMr,59,9
umhlnwzBMr,60,5
umhlnwzBMr,61,6
umhlnwzBMr,62,2
umhlnwzBMr,63,0
umhlnwzBMr,64,10
umhlnwzBMr,65,6
umhlnwzBMr,66,4
umhlnwzBMr,67,7
umhlnwzBMr,68,9
umhlnwzBMr,69,2
umhlnwzBMr,70,7
umhlnwzBMr,71,8
umhlnwzBMr,72,7
umhlnwzBMr,73,4
umhlnwzBMr,74,10
umhlnwzBMr,75,9
umhlnwzBMr,76,5
umhlnwzBMr,77,0
umhlnwzBMr,78,9
umhlnwzBMr,79,10
umhlnwzBMr,80,7
umhlnwzBMr,81,4
umhlnwzBMr,82,4
umhlnwzBMr,83,0
umhlnwzBMr,84,0
umhlnwzBMr,85,7
umhlnwzBMr,86,9
umhlnwzBMr,87,1
umhlnwzBMr,88,9
umhlnwzBMr,89,9
umhlnwzBMr,90,5
umhlnwzBMr,91,7
umhlnwzBMr,92,2
umhlnwzBMr,93,3
umhlnwzBMr,94,10
umhlnwzBMr,95,3
umhlnwzBMr,96,6
umhlnwzBMr,97,6
umhlnwzBMr,98,10
umhlnwzBMr,99,8
umhlnwzBMr,100,2
umlWoljqAF,1,2
umlWoljqAF,2,7
umlWoljqAF,3,6
umlWoljqAF,4,6
umlWoljqAF,5,5
umlWoljqAF,6,10
umlWoljqAF,7,3
umlWoljqAF,8,7
umlWoljqAF,9,0
umlWoljqAF,10,6
umlWoljqAF,11,8
umlWoljqAF,12,7
umlWoljqAF,13,2
umlWoljqAF,14,1
umlWoljqAF,15,4
umlWoljqAF,16,5
umlWoljqAF,17,1
umlWoljqAF,18,4
umlWoljqAF,19,2
umlWoljqAF,20,8
umlWoljqAF,21,0
umlWoljqAF,22,3
umlWoljqAF,23,5
umlWoljqAF,24,4
umlWoljqAF,25,1
umlWoljqAF,26,4
umlWoljqAF,27,4
umlWoljqAF,28,3
umlWoljqAF,29,2
umlWoljqAF,30,1
umlWoljqAF,31,7
umlWoljqAF,32,5
umlWoljqAF,33,2
umlWoljqAF,34,10
umlWoljqAF,35,8
umlWoljqAF,36,1
umlWoljqAF,37,3
umlWoljqAF,38,7
umlWoljqAF,39,8
umlWoljqAF,40,3
umlWoljqAF,41,1
umlWoljqAF,42,7
umlWoljqAF,43,2
umlWoljqAF,44,8
umlWoljqAF,45,5
umlWoljqAF,46,2
umlWoljqAF,47,2
umlWoljqAF,48,10
umlWoljqAF,49,10
umlWoljqAF,50,4
umlWoljqAF,51,1
umlWoljqAF,52,0
umlWoljqAF,53,8
umlWoljqAF,54,7
umlWoljqAF,55,9
umlWoljqAF,56,7
umlWoljqAF,57,9
umlWoljqAF,58,8
umlWoljqAF,59,6
umlWoljqAF,60,3
umlWoljqAF,61,9
umlWoljqAF,62,6
umlWoljqAF,63,5
umlWoljqAF,64,2
umlWoljqAF,65,9
umlWoljqAF,66,3
umlWoljqAF,67,6
umlWoljqAF,68,0
umlWoljqAF,69,5
umlWoljqAF,70,9
umlWoljqAF,71,10
umlWoljqAF,72,3
umlWoljqAF,73,0
umlWoljqAF,74,10
umlWoljqAF,75,0
umlWoljqAF,76,7
umlWoljqAF,77,10
umlWoljqAF,78,6
umlWoljqAF,79,4
umlWoljqAF,80,6
umlWoljqAF,81,8
umlWoljqAF,82,4
umlWoljqAF,83,5
umlWoljqAF,84,5
umlWoljqAF,85,9
umlWoljqAF,86,6
umlWoljqAF,87,3
umlWoljqAF,88,0
umlWoljqAF,89,1
umlWoljqAF,90,8
umlWoljqAF,91,4
umlWoljqAF,92,0
umlWoljqAF,93,5
umlWoljqAF,94,9
umlWoljqAF,95,10
umlWoljqAF,96,1
umlWoljqAF,97,9
umlWoljqAF,98,9
umlWoljqAF,99,10
umlWoljqAF,100,0
ummByxjeiK,1,7
ummByxjeiK,2,6
ummByxjeiK,3,8
ummByxjeiK,4,10
ummByxjeiK,5,0
ummByxjeiK,6,6
ummByxjeiK,7,10
ummByxjeiK,8,2
ummByxjeiK,9,5
ummByxjeiK,10,3
ummByxjeiK,11,3
ummByxjeiK,12,7
ummByxjeiK,13,3
ummByxjeiK,14,1
ummByxjeiK,15,10
ummByxjeiK,16,8
ummByxjeiK,17,3
ummByxjeiK,18,10
ummByxjeiK,19,1
ummByxjeiK,20,7
ummByxjeiK,21,2
ummByxjeiK,22,9
ummByxjeiK,23,8
ummByxjeiK,24,10
ummByxjeiK,25,5
ummByxjeiK,26,4
ummByxjeiK,27,3
ummByxjeiK,28,2
ummByxjeiK,29,8
ummByxjeiK,30,5
ummByxjeiK,31,8
ummByxjeiK,32,6
ummByxjeiK,33,0
ummByxjeiK,34,0
ummByxjeiK,35,2
ummByxjeiK,36,1
ummByxjeiK,37,1
ummByxjeiK,38,6
ummByxjeiK,39,0
ummByxjeiK,40,9
ummByxjeiK,41,5
ummByxjeiK,42,4
ummByxjeiK,43,9
ummByxjeiK,44,10
ummByxjeiK,45,9
ummByxjeiK,46,7
ummByxjeiK,47,8
ummByxjeiK,48,9
ummByxjeiK,49,3
ummByxjeiK,50,0
ummByxjeiK,51,3
ummByxjeiK,52,7
ummByxjeiK,53,1
ummByxjeiK,54,7
ummByxjeiK,55,3
ummByxjeiK,56,7
ummByxjeiK,57,7
ummByxjeiK,58,8
ummByxjeiK,59,0
ummByxjeiK,60,0
ummByxjeiK,61,3
ummByxjeiK,62,4
ummByxjeiK,63,2
ummByxjeiK,64,4
ummByxjeiK,65,0
ummByxjeiK,66,4
ummByxjeiK,67,4
ummByxjeiK,68,5
ummByxjeiK,69,9
ummByxjeiK,70,1
ummByxjeiK,71,7
ummByxjeiK,72,0
ummByxjeiK,73,8
ummByxjeiK,74,5
ummByxjeiK,75,2
ummByxjeiK,76,1
ummByxjeiK,77,4
ummByxjeiK,78,6
ummByxjeiK,79,4
ummByxjeiK,80,9
ummByxjeiK,81,1
ummByxjeiK,82,2
ummByxjeiK,83,9
ummByxjeiK,84,5
ummByxjeiK,85,6
ummByxjeiK,86,5
ummByxjeiK,87,5
ummByxjeiK,88,10
ummByxjeiK,89,9
ummByxjeiK,90,1
ummByxjeiK,91,4
ummByxjeiK,92,6
ummByxjeiK,93,10
ummByxjeiK,94,10
ummByxjeiK,95,8
ummByxjeiK,96,2
ummByxjeiK,97,2
ummByxjeiK,98,5
ummByxjeiK,99,6
ummByxjeiK,100,6
ummYCQHnTy,1,7
ummYCQHnTy,2,6
ummYCQHnTy,3,1
ummYCQHnTy,4,6
ummYCQHnTy,5,1
ummYCQHnTy,6,0
ummYCQHnTy,7,2
ummYCQHnTy,8,5
ummYCQHnTy,9,9
ummYCQHnTy,10,6
ummYCQHnTy,11,1
ummYCQHnTy,12,10
ummYCQHnTy,13,6
ummYCQHnTy,14,4
ummYCQHnTy,15,2
ummYCQHnTy,16,9
ummYCQHnTy,17,10
ummYCQHnTy,18,0
ummYCQHnTy,19,6
ummYCQHnTy,20,9
ummYCQHnTy,21,9
ummYCQHnTy,22,9
ummYCQHnTy,23,4
ummYCQHnTy,24,0
ummYCQHnTy,25,1
ummYCQHnTy,26,8
ummYCQHnTy,27,5
ummYCQHnTy,28,5
ummYCQHnTy,29,0
ummYCQHnTy,30,7
ummYCQHnTy,31,10
ummYCQHnTy,32,3
ummYCQHnTy,33,3
ummYCQHnTy,34,8
ummYCQHnTy,35,4
ummYCQHnTy,36,0
ummYCQHnTy,37,6
ummYCQHnTy,38,10
ummYCQHnTy,39,4
ummYCQHnTy,40,5
ummYCQHnTy,41,7
ummYCQHnTy,42,3
ummYCQHnTy,43,2
ummYCQHnTy,44,3
ummYCQHnTy,45,1
ummYCQHnTy,46,10
ummYCQHnTy,47,2
ummYCQHnTy,48,4
ummYCQHnTy,49,4
ummYCQHnTy,50,8
ummYCQHnTy,51,5
ummYCQHnTy,52,8
ummYCQHnTy,53,1
ummYCQHnTy,54,7
ummYCQHnTy,55,9
ummYCQHnTy,56,3
ummYCQHnTy,57,7
ummYCQHnTy,58,6
ummYCQHnTy,59,8
ummYCQHnTy,60,3
ummYCQHnTy,61,3
ummYCQHnTy,62,5
ummYCQHnTy,63,6
ummYCQHnTy,64,8
ummYCQHnTy,65,5
ummYCQHnTy,66,9
ummYCQHnTy,67,8
ummYCQHnTy,68,0
ummYCQHnTy,69,3
ummYCQHnTy,70,8
ummYCQHnTy,71,9
ummYCQHnTy,72,10
ummYCQHnTy,73,10
ummYCQHnTy,74,10
ummYCQHnTy,75,0
ummYCQHnTy,76,7
ummYCQHnTy,77,2
ummYCQHnTy,78,4
ummYCQHnTy,79,7
ummYCQHnTy,80,8
ummYCQHnTy,81,0
ummYCQHnTy,82,4
ummYCQHnTy,83,4
ummYCQHnTy,84,2
ummYCQHnTy,85,5
ummYCQHnTy,86,7
ummYCQHnTy,87,9
ummYCQHnTy,88,1
ummYCQHnTy,89,5
ummYCQHnTy,90,5
ummYCQHnTy,91,2
ummYCQHnTy,92,2
ummYCQHnTy,93,2
ummYCQHnTy,94,0
ummYCQHnTy,95,6
ummYCQHnTy,96,1
ummYCQHnTy,97,3
ummYCQHnTy,98,1
ummYCQHnTy,99,7
ummYCQHnTy,100,10
umqjRWKhyD,1,8
umqjRWKhyD,2,0
umqjRWKhyD,3,0
umqjRWKhyD,4,10
umqjRWKhyD,5,9
umqjRWKhyD,6,9
umqjRWKhyD,7,10
umqjRWKhyD,8,10
umqjRWKhyD,9,5
umqjRWKhyD,10,4
umqjRWKhyD,11,2
umqjRWKhyD,12,5
umqjRWKhyD,13,0
umqjRWKhyD,14,6
umqjRWKhyD,15,7
umqjRWKhyD,16,1
umqjRWKhyD,17,5
umqjRWKhyD,18,1
umqjRWKhyD,19,3
umqjRWKhyD,20,10
umqjRWKhyD,21,0
umqjRWKhyD,22,4
umqjRWKhyD,23,3
umqjRWKhyD,24,7
umqjRWKhyD,25,10
umqjRWKhyD,26,3
umqjRWKhyD,27,7
umqjRWKhyD,28,9
umqjRWKhyD,29,4
umqjRWKhyD,30,3
umqjRWKhyD,31,0
umqjRWKhyD,32,6
umqjRWKhyD,33,9
umqjRWKhyD,34,7
umqjRWKhyD,35,2
umqjRWKhyD,36,8
umqjRWKhyD,37,4
umqjRWKhyD,38,0
umqjRWKhyD,39,1
umqjRWKhyD,40,10
umqjRWKhyD,41,4
umqjRWKhyD,42,6
umqjRWKhyD,43,5
umqjRWKhyD,44,1
umqjRWKhyD,45,8
umqjRWKhyD,46,4
umqjRWKhyD,47,5
umqjRWKhyD,48,2
umqjRWKhyD,49,8
umqjRWKhyD,50,6
umqjRWKhyD,51,0
umqjRWKhyD,52,1
umqjRWKhyD,53,4
umqjRWKhyD,54,7
umqjRWKhyD,55,2
umqjRWKhyD,56,0
umqjRWKhyD,57,10
umqjRWKhyD,58,2
umqjRWKhyD,59,8
umqjRWKhyD,60,1
umqjRWKhyD,61,5
umqjRWKhyD,62,6
umqjRWKhyD,63,9
umqjRWKhyD,64,2
umqjRWKhyD,65,8
umqjRWKhyD,66,7
umqjRWKhyD,67,9
umqjRWKhyD,68,6
umqjRWKhyD,69,3
umqjRWKhyD,70,2
umqjRWKhyD,71,3
umqjRWKhyD,72,6
umqjRWKhyD,73,7
umqjRWKhyD,74,5
umqjRWKhyD,75,7
umqjRWKhyD,76,0
umqjRWKhyD,77,2
umqjRWKhyD,78,8
umqjRWKhyD,79,10
umqjRWKhyD,80,4
umqjRWKhyD,81,4
umqjRWKhyD,82,3
umqjRWKhyD,83,5
umqjRWKhyD,84,8
umqjRWKhyD,85,7
umqjRWKhyD,86,8
umqjRWKhyD,87,1
umqjRWKhyD,88,1
umqjRWKhyD,89,10
umqjRWKhyD,90,3
umqjRWKhyD,91,1
umqjRWKhyD,92,5
umqjRWKhyD,93,9
umqjRWKhyD,94,9
umqjRWKhyD,95,2
umqjRWKhyD,96,9
umqjRWKhyD,97,6
umqjRWKhyD,98,6
umqjRWKhyD,99,3
umqjRWKhyD,100,5
umwFQeGwuo,1,0
umwFQeGwuo,2,4
umwFQeGwuo,3,9
umwFQeGwuo,4,2
umwFQeGwuo,5,5
umwFQeGwuo,6,7
umwFQeGwuo,7,6
umwFQeGwuo,8,2
umwFQeGwuo,9,4
umwFQeGwuo,10,8
umwFQeGwuo,11,9
umwFQeGwuo,12,10
umwFQeGwuo,13,8
umwFQeGwuo,14,5
umwFQeGwuo,15,2
umwFQeGwuo,16,7
umwFQeGwuo,17,2
umwFQeGwuo,18,5
umwFQeGwuo,19,0
umwFQeGwuo,20,3
umwFQeGwuo,21,6
umwFQeGwuo,22,0
umwFQeGwuo,23,0
umwFQeGwuo,24,6
umwFQeGwuo,25,3
umwFQeGwuo,26,2
umwFQeGwuo,27,1
umwFQeGwuo,28,6
umwFQeGwuo,29,8
umwFQeGwuo,30,10
umwFQeGwuo,31,9
umwFQeGwuo,32,3
umwFQeGwuo,33,6
umwFQeGwuo,34,7
umwFQeGwuo,35,1
umwFQeGwuo,36,5
umwFQeGwuo,37,0
umwFQeGwuo,38,0
umwFQeGwuo,39,7
umwFQeGwuo,40,4
umwFQeGwuo,41,4
umwFQeGwuo,42,5
umwFQeGwuo,43,5
umwFQeGwuo,44,10
umwFQeGwuo,45,3
umwFQeGwuo,46,2
umwFQeGwuo,47,0
umwFQeGwuo,48,9
umwFQeGwuo,49,1
umwFQeGwuo,50,5
umwFQeGwuo,51,10
umwFQeGwuo,52,10
umwFQeGwuo,53,6
umwFQeGwuo,54,9
umwFQeGwuo,55,10
umwFQeGwuo,56,3
umwFQeGwuo,57,5
umwFQeGwuo,58,8
umwFQeGwuo,59,10
umwFQeGwuo,60,0
umwFQeGwuo,61,1
umwFQeGwuo,62,7
umwFQeGwuo,63,2
umwFQeGwuo,64,9
umwFQeGwuo,65,4
umwFQeGwuo,66,6
umwFQeGwuo,67,0
umwFQeGwuo,68,1
umwFQeGwuo,69,8
umwFQeGwuo,70,2
umwFQeGwuo,71,1
umwFQeGwuo,72,6
umwFQeGwuo,73,3
umwFQeGwuo,74,8
umwFQeGwuo,75,8
umwFQeGwuo,76,10
umwFQeGwuo,77,1
umwFQeGwuo,78,8
umwFQeGwuo,79,6
umwFQeGwuo,80,7
umwFQeGwuo,81,3
umwFQeGwuo,82,1
umwFQeGwuo,83,5
umwFQeGwuo,84,8
umwFQeGwuo,85,3
umwFQeGwuo,86,4
umwFQeGwuo,87,9
umwFQeGwuo,88,3
umwFQeGwuo,89,2
umwFQeGwuo,90,9
umwFQeGwuo,91,4
umwFQeGwuo,92,7
umwFQeGwuo,93,10
umwFQeGwuo,94,4
umwFQeGwuo,95,7
umwFQeGwuo,96,5
umwFQeGwuo,97,7
umwFQeGwuo,98,9
umwFQeGwuo,99,1
umwFQeGwuo,100,4
umwgTvUkdm,1,1
umwgTvUkdm,2,10
umwgTvUkdm,3,0
umwgTvUkdm,4,2
umwgTvUkdm,5,6
umwgTvUkdm,6,6
umwgTvUkdm,7,1
umwgTvUkdm,8,8
umwgTvUkdm,9,9
umwgTvUkdm,10,8
umwgTvUkdm,11,9
umwgTvUkdm,12,1
umwgTvUkdm,13,7
umwgTvUkdm,14,3
umwgTvUkdm,15,5
umwgTvUkdm,16,0
umwgTvUkdm,17,6
umwgTvUkdm,18,8
umwgTvUkdm,19,5
umwgTvUkdm,20,3
umwgTvUkdm,21,6
umwgTvUkdm,22,6
umwgTvUkdm,23,5
umwgTvUkdm,24,8
umwgTvUkdm,25,10
umwgTvUkdm,26,7
umwgTvUkdm,27,5
umwgTvUkdm,28,4
umwgTvUkdm,29,0
umwgTvUkdm,30,10
umwgTvUkdm,31,6
umwgTvUkdm,32,2
umwgTvUkdm,33,1
umwgTvUkdm,34,10
umwgTvUkdm,35,3
umwgTvUkdm,36,7
umwgTvUkdm,37,4
umwgTvUkdm,38,4
umwgTvUkdm,39,0
umwgTvUkdm,40,10
umwgTvUkdm,41,10
umwgTvUkdm,42,10
umwgTvUkdm,43,7
umwgTvUkdm,44,4
umwgTvUkdm,45,2
umwgTvUkdm,46,7
umwgTvUkdm,47,2
umwgTvUkdm,48,1
umwgTvUkdm,49,9
umwgTvUkdm,50,1
umwgTvUkdm,51,9
umwgTvUkdm,52,6
umwgTvUkdm,53,4
umwgTvUkdm,54,0
umwgTvUkdm,55,7
umwgTvUkdm,56,1
umwgTvUkdm,57,5
umwgTvUkdm,58,5
umwgTvUkdm,59,6
umwgTvUkdm,60,3
umwgTvUkdm,61,3
umwgTvUkdm,62,9
umwgTvUkdm,63,3
umwgTvUkdm,64,4
umwgTvUkdm,65,9
umwgTvUkdm,66,9
umwgTvUkdm,67,5
umwgTvUkdm,68,8
umwgTvUkdm,69,0
umwgTvUkdm,70,1
umwgTvUkdm,71,3
umwgTvUkdm,72,4
umwgTvUkdm,73,2
umwgTvUkdm,74,2
umwgTvUkdm,75,5
umwgTvUkdm,76,9
umwgTvUkdm,77,7
umwgTvUkdm,78,5
umwgTvUkdm,79,7
umwgTvUkdm,80,1
umwgTvUkdm,81,10
umwgTvUkdm,82,3
umwgTvUkdm,83,7
umwgTvUkdm,84,8
umwgTvUkdm,85,8
umwgTvUkdm,86,0
umwgTvUkdm,87,4
umwgTvUkdm,88,0
umwgTvUkdm,89,8
umwgTvUkdm,90,6
umwgTvUkdm,91,5
umwgTvUkdm,92,10
umwgTvUkdm,93,0
umwgTvUkdm,94,2
umwgTvUkdm,95,3
umwgTvUkdm,96,2
umwgTvUkdm,97,8
umwgTvUkdm,98,2
umwgTvUkdm,99,9
umwgTvUkdm,100,4
umymEbxucM,1,0
umymEbxucM,2,7
umymEbxucM,3,6
umymEbxucM,4,9
umymEbxucM,5,1
umymEbxucM,6,2
umymEbxucM,7,5
umymEbxucM,8,5
umymEbxucM,9,2
umymEbxucM,10,10
umymEbxucM,11,8
umymEbxucM,12,4
umymEbxucM,13,7
umymEbxucM,14,1
umymEbxucM,15,4
umymEbxucM,16,2
umymEbxucM,17,5
umymEbxucM,18,0
umymEbxucM,19,1
umymEbxucM,20,0
umymEbxucM,21,8
umymEbxucM,22,0
umymEbxucM,23,5
umymEbxucM,24,5
umymEbxucM,25,8
umymEbxucM,26,1
umymEbxucM,27,3
umymEbxucM,28,8
umymEbxucM,29,2
umymEbxucM,30,1
umymEbxucM,31,2
umymEbxucM,32,9
umymEbxucM,33,7
umymEbxucM,34,8
umymEbxucM,35,3
umymEbxucM,36,9
umymEbxucM,37,6
umymEbxucM,38,8
umymEbxucM,39,3
umymEbxucM,40,4
umymEbxucM,41,8
umymEbxucM,42,8
umymEbxucM,43,4
umymEbxucM,44,6
umymEbxucM,45,3
umymEbxucM,46,0
umymEbxucM,47,5
umymEbxucM,48,0
umymEbxucM,49,5
umymEbxucM,50,10
umymEbxucM,51,9
umymEbxucM,52,9
umymEbxucM,53,7
umymEbxucM,54,4
umymEbxucM,55,10
umymEbxucM,56,1
umymEbxucM,57,0
umymEbxucM,58,6
umymEbxucM,59,4
umymEbxucM,60,2
umymEbxucM,61,10
umymEbxucM,62,8
umymEbxucM,63,3
umymEbxucM,64,10
umymEbxucM,65,3
umymEbxucM,66,5
umymEbxucM,67,7
umymEbxucM,68,3
umymEbxucM,69,7
umymEbxucM,70,4
umymEbxucM,71,7
umymEbxucM,72,7
umymEbxucM,73,0
umymEbxucM,74,6
umymEbxucM,75,2
umymEbxucM,76,9
umymEbxucM,77,10
umymEbxucM,78,5
umymEbxucM,79,10
umymEbxucM,80,9
umymEbxucM,81,4
umymEbxucM,82,5
umymEbxucM,83,6
umymEbxucM,84,9
umymEbxucM,85,9
umymEbxucM,86,10
umymEbxucM,87,10
umymEbxucM,88,3
umymEbxucM,89,0
umymEbxucM,90,4
umymEbxucM,91,6
umymEbxucM,92,1
umymEbxucM,93,2
umymEbxucM,94,2
umymEbxucM,95,1
umymEbxucM,96,3
umymEbxucM,97,6
umymEbxucM,98,1
umymEbxucM,99,6
umymEbxucM,100,7
umyssgDXrJ,1,7
umyssgDXrJ,2,1
umyssgDXrJ,3,10
umyssgDXrJ,4,4
umyssgDXrJ,5,7
umyssgDXrJ,6,5
umyssgDXrJ,7,1
umyssgDXrJ,8,7
umyssgDXrJ,9,2
umyssgDXrJ,10,9
umyssgDXrJ,11,6
umyssgDXrJ,12,0
umyssgDXrJ,13,3
umyssgDXrJ,14,3
umyssgDXrJ,15,0
umyssgDXrJ,16,5
umyssgDXrJ,17,8
umyssgDXrJ,18,9
umyssgDXrJ,19,10
umyssgDXrJ,20,6
umyssgDXrJ,21,5
umyssgDXrJ,22,6
umyssgDXrJ,23,2
umyssgDXrJ,24,10
umyssgDXrJ,25,9
umyssgDXrJ,26,3
umyssgDXrJ,27,1
umyssgDXrJ,28,6
umyssgDXrJ,29,10
umyssgDXrJ,30,5
umyssgDXrJ,31,1
umyssgDXrJ,32,6
umyssgDXrJ,33,5
umyssgDXrJ,34,3
umyssgDXrJ,35,3
umyssgDXrJ,36,4
umyssgDXrJ,37,10
umyssgDXrJ,38,10
umyssgDXrJ,39,3
umyssgDXrJ,40,2
umyssgDXrJ,41,9
umyssgDXrJ,42,0
umyssgDXrJ,43,5
umyssgDXrJ,44,3
umyssgDXrJ,45,7
umyssgDXrJ,46,4
umyssgDXrJ,47,10
umyssgDXrJ,48,5
umyssgDXrJ,49,7
umyssgDXrJ,50,4
umyssgDXrJ,51,7
umyssgDXrJ,52,0
umyssgDXrJ,53,0
umyssgDXrJ,54,8
umyssgDXrJ,55,8
umyssgDXrJ,56,0
umyssgDXrJ,57,5
umyssgDXrJ,58,7
umyssgDXrJ,59,10
umyssgDXrJ,60,2
umyssgDXrJ,61,1
umyssgDXrJ,62,8
umyssgDXrJ,63,8
umyssgDXrJ,64,0
umyssgDXrJ,65,9
umyssgDXrJ,66,4
umyssgDXrJ,67,0
umyssgDXrJ,68,0
umyssgDXrJ,69,2
umyssgDXrJ,70,8
umyssgDXrJ,71,1
umyssgDXrJ,72,7
umyssgDXrJ,73,9
umyssgDXrJ,74,2
umyssgDXrJ,75,8
umyssgDXrJ,76,6
umyssgDXrJ,77,7
umyssgDXrJ,78,2
umyssgDXrJ,79,5
umyssgDXrJ,80,4
umyssgDXrJ,81,6
umyssgDXrJ,82,1
umyssgDXrJ,83,10
umyssgDXrJ,84,8
umyssgDXrJ,85,5
umyssgDXrJ,86,4
umyssgDXrJ,87,1
umyssgDXrJ,88,2
umyssgDXrJ,89,6
umyssgDXrJ,90,4
umyssgDXrJ,91,9
umyssgDXrJ,92,6
umyssgDXrJ,93,3
umyssgDXrJ,94,8
umyssgDXrJ,95,9
umyssgDXrJ,96,2
umyssgDXrJ,97,3
umyssgDXrJ,98,9
umyssgDXrJ,99,1
umyssgDXrJ,100,4
umzmxjfGlg,1,5
umzmxjfGlg,2,5
umzmxjfGlg,3,1
umzmxjfGlg,4,6
umzmxjfGlg,5,4
umzmxjfGlg,6,7
umzmxjfGlg,7,7
umzmxjfGlg,8,9
umzmxjfGlg,9,9
umzmxjfGlg,10,8
umzmxjfGlg,11,5
umzmxjfGlg,12,9
umzmxjfGlg,13,1
umzmxjfGlg,14,4
umzmxjfGlg,15,2
umzmxjfGlg,16,10
umzmxjfGlg,17,9
umzmxjfGlg,18,5
umzmxjfGlg,19,5
umzmxjfGlg,20,7
umzmxjfGlg,21,4
umzmxjfGlg,22,10
umzmxjfGlg,23,2
umzmxjfGlg,24,7
umzmxjfGlg,25,8
umzmxjfGlg,26,1
umzmxjfGlg,27,3
umzmxjfGlg,28,4
umzmxjfGlg,29,8
umzmxjfGlg,30,6
umzmxjfGlg,31,6
umzmxjfGlg,32,3
umzmxjfGlg,33,10
umzmxjfGlg,34,4
umzmxjfGlg,35,3
umzmxjfGlg,36,9
umzmxjfGlg,37,0
umzmxjfGlg,38,0
umzmxjfGlg,39,6
umzmxjfGlg,40,8
umzmxjfGlg,41,0
umzmxjfGlg,42,2
umzmxjfGlg,43,1
umzmxjfGlg,44,8
umzmxjfGlg,45,3
umzmxjfGlg,46,7
umzmxjfGlg,47,6
umzmxjfGlg,48,10
umzmxjfGlg,49,0
umzmxjfGlg,50,2
umzmxjfGlg,51,1
umzmxjfGlg,52,2
umzmxjfGlg,53,4
umzmxjfGlg,54,1
umzmxjfGlg,55,6
umzmxjfGlg,56,4
umzmxjfGlg,57,9
umzmxjfGlg,58,3
umzmxjfGlg,59,5
umzmxjfGlg,60,5
umzmxjfGlg,61,10
umzmxjfGlg,62,1
umzmxjfGlg,63,3
umzmxjfGlg,64,7
umzmxjfGlg,65,5
umzmxjfGlg,66,6
umzmxjfGlg,67,4
umzmxjfGlg,68,0
umzmxjfGlg,69,4
umzmxjfGlg,70,2
umzmxjfGlg,71,5
umzmxjfGlg,72,3
umzmxjfGlg,73,7
umzmxjfGlg,74,0
umzmxjfGlg,75,8
umzmxjfGlg,76,1
umzmxjfGlg,77,6
umzmxjfGlg,78,10
umzmxjfGlg,79,8
umzmxjfGlg,80,3
umzmxjfGlg,81,10
umzmxjfGlg,82,5
umzmxjfGlg,83,2
umzmxjfGlg,84,0
umzmxjfGlg,85,10
umzmxjfGlg,86,3
umzmxjfGlg,87,7
umzmxjfGlg,88,9
umzmxjfGlg,89,9
umzmxjfGlg,90,9
umzmxjfGlg,91,8
umzmxjfGlg,92,6
umzmxjfGlg,93,0
umzmxjfGlg,94,7
umzmxjfGlg,95,2
umzmxjfGlg,96,8
umzmxjfGlg,97,0
umzmxjfGlg,98,2
umzmxjfGlg,99,10
umzmxjfGlg,100,1
